[
  {
    "name": "Agility",
    "xws": "agility",
    "ffg": 1
  },
  {
    "name": "Hull",
    "xws": "hull",
    "ffg": 2
  },
  {
    "name": "Shields",
    "xws": "shields",
    "ffg": 3
  },
  {
    "name": "Force",
    "xws": "force",
    "ffg": 4
  },
  {
    "name": "Charge",
    "xws": "charge",
    "ffg": 7
  },
  {
    "name": "Double Turret Arc",
    "xws": "doubleturretarc",
    "ffg_name": "Dual Mobile Arc",
    "ffg": 8
  },
  {
    "name": "Full Front Arc",
    "xws": "fullfrontarc",
    "ffg_name": "Front 180 Arc",
    "ffg": 9
  },
  {
    "name": "Front Arc",
    "xws": "frontarc",
    "ffg": 10
  },
  {
    "name": "Bullseye Arc",
    "xws": "bullseyearc",
    "ffg": 11
  },
  {
    "name": "Single Turret Arc",
    "xws": "singleturretarc",
    "ffg_name": "Mobile Arc",
    "ffg": 12
  },
  {
    "name": "Rear Arc",
    "xws": "reararc",
    "ffg": 14
  },
  {
    "name": "Weapon Range No Bonus",
    "xws": "weaponrangenobonus",
    "ffg": 20
  }
]
