[
  {
    "name": "Composure",
    "limited": 0,
    "xws": "composure",
    "sides": [
      {
        "title": "Composure",
        "type": "Talent",
        "ability": "After you fail an action, if you have no green tokens, you may perform a [Focus] action. If you do, you cannot perform additional actions this round.",
        "slots": ["Talent"],
        "image": "https://sb-cdn.fantasyflightgames.com/card_images/en/73927eb0dc7bc2bb0de194f1af1dead2.png",
        "artwork": "https://sb-cdn.fantasyflightgames.com/card_art/Card_art_XW_U_156.jpg",
        "ffg": 381
      }
    ],
    "cost": { "value": 1 },
    "restrictions": [{ "action": { "type": "Focus" } }],
    "hyperspace": false
  },
  {
    "name": "Crack Shot",
    "limited": 0,
    "xws": "crackshot",
    "sides": [
      {
        "title": "Crack Shot",
        "type": "Talent",
        "ability": "While you perform a primary attack, if the defender is in your [Bullseye Arc], before the Neutralize Results step, you may spend 1 [Charge] to cancel 1 [Evade] result.",
        "slots": ["Talent"],
        "charges": { "value": 1, "recovers": 0 },
        "image": "https://sb-cdn.fantasyflightgames.com/card_images/Card_Upgrade_1.png",
        "artwork": "https://sb-cdn.fantasyflightgames.com/card_art/Card_art_XW_U_1.jpg",
        "ffg": 230
      }
    ],
    "cost": { "value": 2 },
    "hyperspace": false
  },
  {
    "name": "Daredevil",
    "limited": 0,
    "xws": "daredevil",
    "sides": [
      {
        "title": "Daredevil",
        "type": "Talent",
        "ability": "While you perform a white [Boost] action, you may treat it as red to use the [1 [Turn Left]] or [1 [Turn Right]] template instead.",
        "slots": ["Talent"],
        "image": "https://sb-cdn.fantasyflightgames.com/card_images/Card_Upgrade_2.png",
        "artwork": "https://sb-cdn.fantasyflightgames.com/card_art/Card_art_XW_U_2.jpg",
        "ffg": 231
      }
    ],
    "cost": { "value": 2 },
    "restrictions": [
      { "sizes": ["Small"] },
      { "action": { "type": "Boost", "difficulty": "White" } }
    ],
    "hyperspace": true
  },
  {
    "name": "Debris Gambit",
    "limited": 0,
    "xws": "debrisgambit",
    "sides": [
      {
        "title": "Debris Gambit",
        "type": "Talent",
        "ability": "While you perform a red [Evade] action, if there is an obstacle at range 0-1, treat the action as white instead.",
        "slots": ["Talent"],
        "actions": [{ "type": "Evade", "difficulty": "Red" }],
        "grants": [
          {
            "type": "action",
            "value": { "type": "Evade", "difficulty": "Red" }
          }
        ],
        "image": "https://sb-cdn.fantasyflightgames.com/card_images/Card_Upgrade_3.png",
        "artwork": "https://sb-cdn.fantasyflightgames.com/card_art/Card_art_XW_U_3.jpg",
        "ffg": 232
      }
    ],
    "cost": { "value": 4 },
    "restrictions": [{ "sizes": ["Small", "Medium"] }],
    "hyperspace": false
  },
  {
    "name": "Elusive",
    "limited": 0,
    "xws": "elusive",
    "sides": [
      {
        "title": "Elusive",
        "type": "Talent",
        "ability": "While you defend, you may spend 1 [Charge] to reroll 1 defense die. After you fully execute a red maneuver, recover 1 [Charge].",
        "slots": ["Talent"],
        "charges": { "value": 1, "recovers": 0 },
        "image": "https://sb-cdn.fantasyflightgames.com/card_images/Card_Upgrade_4.png",
        "artwork": "https://sb-cdn.fantasyflightgames.com/card_art/Card_art_XW_U_4.jpg",
        "ffg": 233
      }
    ],
    "cost": { "value": 3 },
    "restrictions": [{ "sizes": ["Small", "Medium"] }],
    "hyperspace": false
  },
  {
    "name": "Expert Handling",
    "limited": 0,
    "xws": "experthandling",
    "sides": [
      {
        "title": "Expert Handling",
        "type": "Talent",
        "text": "While heavy fighters can often be coaxed into a barrel roll, seasoned pilots know how to do it without putting undue stress on their craft or leaving themselves open to attack.",
        "slots": ["Talent"],
        "actions": [{ "type": "Barrel Roll", "difficulty": "White" }],
        "grants": [
          {
            "type": "action",
            "value": { "type": "Barrel Roll", "difficulty": "White" }
          }
        ],
        "image": "https://sb-cdn.fantasyflightgames.com/card_images/Card_Upgrade_5.png",
        "artwork": "https://sb-cdn.fantasyflightgames.com/card_art/Card_art_XW_U_5.jpg",
        "ffg": 234
      }
    ],
    "cost": {
      "variable": "size",
      "values": { "Small": 2, "Medium": 3, "Large": 4 }
    },
    "restrictions": [
      { "action": { "type": "Barrel Roll", "difficulty": "Red" } }
    ],
    "hyperspace": true
  },
  {
    "name": "Fanatical",
    "limited": 0,
    "xws": "fanatical",
    "sides": [
      {
        "title": "Fanatical",
        "type": "Talent",
        "ability": "While you perform a primary attack, if you are not shielded, you may change 1 [Focus] result to a [Hit] result.",
        "image": "https://sb-cdn.fantasyflightgames.com/card_images/en/8b164bdb2b401b6741519f6c6e067550.png",
        "slots": ["Talent"],
        "ffg": 459,
        "artwork": "https://sb-cdn.fantasyflightgames.com/card_art/0a7cac152b045daf71fa5d28504e54b4.jpg"
      }
    ],
    "cost": { "value": 2 },
    "restrictions": [{ "factions": ["First Order"] }],
    "hyperspace": true
  },
  {
    "name": "Fearless",
    "limited": 0,
    "xws": "fearless",
    "sides": [
      {
        "title": "Fearless",
        "type": "Talent",
        "ability": "While you perform a [Front Arc] primary attack, if the attack range is 1 and you are in the defender's [Front Arc], you may change 1 of your results to a [Hit] result.",
        "image": "https://sb-cdn.fantasyflightgames.com/card_images/Card_Upgrade_6.png",
        "slots": ["Talent"],
        "artwork": "https://sb-cdn.fantasyflightgames.com/card_art/Card_art_XW_U_6.jpg",
        "ffg": 235
      }
    ],
    "cost": { "value": 3 },
    "restrictions": [{ "factions": ["Scum and Villainy"] }],
    "hyperspace": true
  },
  {
    "name": "Heroic",
    "limited": 0,
    "xws": "heroic",
    "sides": [
      {
        "title": "Heroic",
        "type": "Talent",
        "ability": "While you defend or perform an attack, if you have only blank results and have 2 or more results, you may reroll any number of your dice.",
        "slots": ["Talent"],
        "image": "https://sb-cdn.fantasyflightgames.com/card_images/en/9f8baf4893cd90288df44b69b50fa788.png",
        "artwork": "https://sb-cdn.fantasyflightgames.com/card_art/0f6d1677c35001248d7768047c10aa87.jpg",
        "ffg": 471
      }
    ],
    "cost": { "value": 1 },
    "restrictions": [{ "factions": ["Resistance"] }],
    "hyperspace": true
  },
  {
    "name": "Intimidation",
    "limited": 0,
    "xws": "intimidation",
    "sides": [
      {
        "title": "Intimidation",
        "type": "Talent",
        "ability": "While an enemy ship at range 0 defends, it rolls 1 fewer defense die.",
        "slots": ["Talent"],
        "image": "https://sb-cdn.fantasyflightgames.com/card_images/Card_Upgrade_7.png",
        "artwork": "https://sb-cdn.fantasyflightgames.com/card_art/Card_art_XW_U_7.jpg",
        "ffg": 236
      }
    ],
    "cost": { "value": 3 },
    "hyperspace": true
  },
  {
    "name": "Juke",
    "limited": 0,
    "xws": "juke",
    "sides": [
      {
        "title": "Juke",
        "type": "Talent",
        "ability": "While you perform an attack, if you are evading, you may change 1 of the defender's [Evade] results to a [Focus] result.",
        "slots": ["Talent"],
        "image": "https://sb-cdn.fantasyflightgames.com/card_images/Card_Upgrade_8.png",
        "alt": [
          {
            "image": "https://images-cdn.fantasyflightgames.com/filer_public/4c/e1/4ce1fe4d-b778-4dc9-8272-23aac7c3884d/g18xs_juke2nd.png",
            "source": "Store Championship 2018"
          }
        ],
        "artwork": "https://sb-cdn.fantasyflightgames.com/card_art/Card_art_XW_U_8.jpg",
        "ffg": 237
      }
    ],
    "cost": { "value": 7 },
    "restrictions": [{ "sizes": ["Small", "Medium"] }],
    "hyperspace": false
  },
  {
    "name": "Lone Wolf",
    "limited": 1,
    "xws": "lonewolf",
    "sides": [
      {
        "title": "Lone Wolf",
        "type": "Talent",
        "ability": "While you defend or perform an attack, if there are no other friendly ships at range 0-2, you may spend 1 [Charge] to reroll 1 of your dice.",
        "slots": ["Talent"],
        "charges": { "value": 1, "recovers": 1 },
        "image": "https://sb-cdn.fantasyflightgames.com/card_images/Card_Upgrade_9.png",
        "artwork": "https://sb-cdn.fantasyflightgames.com/card_art/Card_art_XW_U_9.jpg",
        "ffg": 238
      }
    ],
    "cost": { "value": 5 },
    "hyperspace": false
  },
  {
    "name": "Marksmanship",
    "limited": 0,
    "xws": "marksmanship",
    "sides": [
      {
        "title": "Marksmanship",
        "type": "Talent",
        "ability": "While you perform an attack, if the defender is in your [Bullseye Arc], you may change 1 [Hit] result to a [Critical Hit] result.",
        "slots": ["Talent"],
        "image": "https://sb-cdn.fantasyflightgames.com/card_images/Card_Upgrade_10.png",
        "artwork": "https://sb-cdn.fantasyflightgames.com/card_art/Card_art_XW_U_10.jpg",
        "ffg": 239
      }
    ],
    "cost": { "value": 1 },
    "hyperspace": true
  },
  {
    "name": "Outmaneuver",
    "limited": 0,
    "xws": "outmaneuver",
    "sides": [
      {
        "title": "Outmaneuver",
        "type": "Talent",
        "ability": "While you perform a [Front Arc] attack, if you are not in the defender's firing arc, the defender rolls 1 fewer defense die.",
        "slots": ["Talent"],
        "image": "https://sb-cdn.fantasyflightgames.com/card_images/Card_Upgrade_11.png",
        "artwork": "https://sb-cdn.fantasyflightgames.com/card_art/Card_art_XW_U_11.jpg",
        "ffg": 240
      }
    ],
    "cost": { "value": 6 },
    "hyperspace": true
  },
  {
    "name": "Predator",
    "limited": 0,
    "xws": "predator",
    "sides": [
      {
        "title": "Predator",
        "type": "Talent",
        "ability": "While you perform a primary attack, if the defender is in your [Bullseye Arc], you may reroll 1 attack die.",
        "slots": ["Talent"],
        "image": "https://sb-cdn.fantasyflightgames.com/card_images/Card_Upgrade_12.png",
        "artwork": "https://sb-cdn.fantasyflightgames.com/card_art/Card_art_XW_U_12.jpg",
        "ffg": 241
      }
    ],
    "cost": { "value": 2 },
    "hyperspace": false
  },
  {
    "name": "Ruthless",
    "limited": 0,
    "xws": "ruthless",
    "sides": [
      {
        "title": "Ruthless",
        "type": "Talent",
        "ability": "While you perform an attack, you may choose another friendly ship at range 0-1 of the defender. If you do, that ship suffers 1 [Hit] damage and you may change 1 of your die results to a [Hit] result.",
        "image": "https://sb-cdn.fantasyflightgames.com/card_images/Card_Upgrade_13.png",
        "slots": ["Talent"],
        "artwork": "https://sb-cdn.fantasyflightgames.com/card_art/Card_art_XW_U_13.jpg",
        "ffg": 242
      }
    ],
    "cost": { "value": 1 },
    "restrictions": [{ "factions": ["Galactic Empire"] }],
    "hyperspace": true
  },
  {
    "name": "Saturation Salvo",
    "limited": 0,
    "xws": "saturationsalvo",
    "sides": [
      {
        "title": "Saturation Salvo",
        "type": "Talent",
        "ability": "While you perform a [Torpedo] or [Missile] attack, you may spend 1 [Charge] from that upgrade. If you do, choose two defense dice. The defender must reroll those dice.",
        "slots": ["Talent"],
        "image": "https://sb-cdn.fantasyflightgames.com/card_images/Card_Upgrade_14.png",
        "artwork": "https://sb-cdn.fantasyflightgames.com/card_art/Card_art_XW_U_14.jpg",
        "ffg": 243
      }
    ],
    "cost": { "value": 4 },
    "restrictions": [{ "action": { "type": "Reload" } }],
    "hyperspace": false
  },
  {
    "name": "Selfless",
    "limited": 0,
    "xws": "selfless",
    "sides": [
      {
        "title": "Selfless",
        "type": "Talent",
        "ability": "While another friendly ship at range 0-1 defends, before the Neutralize Results step, if you are in the attack arc, you may suffer 1 [Critical Hit] damage to cancel 1 [Critical Hit] result.",
        "image": "https://sb-cdn.fantasyflightgames.com/card_images/Card_Upgrade_15.png",
        "slots": ["Talent"],
        "artwork": "https://sb-cdn.fantasyflightgames.com/card_art/Card_art_XW_U_15.jpg",
        "ffg": 244
      }
    ],
    "cost": { "value": 3 },
    "restrictions": [{ "factions": ["Rebel Alliance"] }],
    "hyperspace": true
  },
  {
    "name": "Squad Leader",
    "limited": 1,
    "xws": "squadleader",
    "sides": [
      {
        "title": "Squad Leader",
        "type": "Talent",
        "ability": "While you coordinate, the ship you choose can perform an action only if that action is also on your action bar.",
        "slots": ["Talent"],
        "actions": [{ "type": "Coordinate", "difficulty": "Red" }],
        "grants": [
          {
            "type": "action",
            "value": { "type": "Coordinate", "difficulty": "Red" }
          }
        ],
        "image": "https://sb-cdn.fantasyflightgames.com/card_images/Card_Upgrade_16.png",
        "artwork": "https://sb-cdn.fantasyflightgames.com/card_art/Card_art_XW_U_16.jpg",
        "ffg": 245
      }
    ],
    "cost": {
      "variable": "initiative",
      "values": { "0": 2, "1": 4, "2": 6, "3": 8, "4": 10, "5": 12, "6": 14 }
    },
    "hyperspace": true
  },
  {
    "name": "Swarm Tactics",
    "limited": 0,
    "xws": "swarmtactics",
    "sides": [
      {
        "title": "Swarm Tactics",
        "type": "Talent",
        "ability": "At the start of the Engagement Phase, you may choose 1 friendly ship at range 1. If you do, that ship treats its initiative as equal to yours until the end of the round.",
        "slots": ["Talent"],
        "image": "https://sb-cdn.fantasyflightgames.com/card_images/Card_Upgrade_17.png",
        "artwork": "https://sb-cdn.fantasyflightgames.com/card_art/Card_art_XW_U_17.jpg",
        "ffg": 246
      }
    ],
    "cost": {
      "variable": "initiative",
      "values": { "0": 3, "1": 3, "2": 3, "3": 3, "4": 3, "5": 4, "6": 5 }
    },
    "hyperspace": false
  },
  {
    "name": "Trick Shot",
    "limited": 0,
    "xws": "trickshot",
    "sides": [
      {
        "title": "Trick Shot",
        "type": "Talent",
        "ability": "While you perform an attack that is obstructed by an obstacle, roll 1 additional attack die.",
        "slots": ["Talent"],
        "image": "https://sb-cdn.fantasyflightgames.com/card_images/Card_Upgrade_18.png",
        "artwork": "https://sb-cdn.fantasyflightgames.com/card_art/Card_art_XW_U_18.jpg",
        "ffg": 247
      }
    ],
    "cost": { "value": 4 },
    "hyperspace": false
  },
  {
    "name": "Treacherous",
    "xws": "treacherous",
    "limited": 0,
    "sides": [
      {
        "title": "Treacherous",
        "type": "Talent",
        "ability": "While you defend, you may choose a ship obstructing the attack and spend 1 [Charge]. If you do, cancel 1 [Hit] or [Critical Hit] result, and the ship you chose gains 1 strain token. After a ship at range 0-3 is destroyed, recover 1 [Charge].",
        "slots": ["Talent"],
        "charges": { "value": 1, "recovers": 0 },
        "image": "https://sb-cdn.fantasyflightgames.com/card_images/en/a10d907fea50e32ab28d924c67486d37.png",
        "ffg": 529,
        "artwork": "https://sb-cdn.fantasyflightgames.com/card_art/406e6007268488c36fc9066fb0a5d70f.jpg"
      }
    ],
    "hyperspace": true,
    "restrictions": [{ "factions": ["Separatist Alliance"] }],
    "cost": { "value": 2 }
  },
  {
    "name": "Dedicated",
    "xws": "dedicated",
    "limited": 0,
    "sides": [
      {
        "title": "Dedicated",
        "type": "Talent",
        "ability": "While another friendly ship in your [Left Arc] or [Right Arc] at range 0-2 defends, if it is limited or has the Dedicated upgrade and you are not strained, you may gain 1 strain token. If you do, the defender rerolls 1 of their blank results.",
        "slots": ["Talent"],
        "image": "https://sb-cdn.fantasyflightgames.com/card_images/en/31c6723d7e5670c257acfa8788160437.png",
        "ffg": 544,
        "artwork": "https://sb-cdn.fantasyflightgames.com/card_art/21b00eaf0d2f447db8fc7b2dc69222ab.jpg"
      }
    ],
    "hyperspace": true,
    "restrictions": [
      { "factions": ["Galactic Republic"] },
      { "non-limited": true }
    ],
    "cost": { "value": 1 }
  },
  {
    "name": "Ensnare",
    "xws": "ensnare",
    "limited": 0,
    "sides": [
      {
        "title": "Ensnare",
        "type": "Talent",
        "slots": ["Talent"],
        "ability": "At the end of the Activation Phase, if you are tractored, you may choose 1 ship in your [Single Turret Arc] arc at range 0-1. Transfer 1 tractor token to it.",
        "ffg": 610,
        "artwork": "https://sb-cdn.fantasyflightgames.com/card_art/9513320be3bb150bb8ee6d3504e0ed01.jpg",
        "image": "https://sb-cdn.fantasyflightgames.com/card_images/en/5d7e0560460a1d91281537a658ddfc86.png"
      }
    ],
    "cost": {
      "variable": "initiative",
      "values": {
        "0": 21,
        "1": 21,
        "2": 21,
        "3": 21,
        "4": 21,
        "5": 24,
        "6": 28
      }
    },
    "hyperspace": false,
    "restrictions": [{ "ships": ["nantexclassstarfighter"] }]
  },
  {
    "name": "Snap Shot",
    "limited": 0,
    "xws": "snapshot",
    "hyperspace": true,
    "cost": {
      "variable": "size",
      "values": { "Small": 7, "Medium": 8, "Large": 9 }
    },
    "sides": [
      {
        "ability": "After an enemy ship executes a maneuver, you may perform this attack against it as a bonus attack. Attack: Your dice cannot be modified.",
        "title": "Snap Shot",
        "type": "Talent",
        "slots": ["Talent"],
        "ffg": 612,
        "artwork": "https://sb-cdn.fantasyflightgames.com/card_art/ec959ee48f953dbde71aa7c89d0b54bf.jpg",
        "image": "https://sb-cdn.fantasyflightgames.com/card_images/en/fed45c0416dfd298d9433c4608e99b7e.png",
        "attack": {
          "arc": "Front Arc",
          "value": 2,
          "minrange": 2,
          "maxrange": 2,
          "ordnance": true
        }
      }
    ]
  },
  {
    "sides": [
      {
        "ffg": 611,
        "title": "Gravitic Deflection",
        "artwork": "https://sb-cdn.fantasyflightgames.com/card_art/8bcd2006892a98b5b29d9aba67733cb6.jpg",
        "image": "https://sb-cdn.fantasyflightgames.com/card_images/en/50ec6aa5a267ece16d36533f4efe2bb0.png",
        "ability": "While you defend, you may reroll 1 defense die for each tractored ship in the attack arc.",
        "slots": ["Talent"],
        "type": "Talent"
      }
    ],
    "name": "Gravitic Deflection",
    "limited": 0,
    "cost": { "value": 5 },
    "hyperspace": true,
    "xws": "graviticdeflection"
  },
  {
    "name": "Proud Tradition",
    "limited": 0,
    "xws": "proudtradition",
    "hyperspace": true,
    "sides": [
      {
        "ability": "Setup: Equip this side faceup. While you have 2 or fewer stress tokens, you may perform [Focus] actions even while stressed. After you perform an attack, if you are stressed, the defender may spend 1 focus token or suffer 1 [Critical Hit] damage to flip this card.",
        "title": "Proud Tradition",
        "type": "Talent",
        "slots": ["Talent"],
        "ffg": 653,
        "artwork": "https://sb-cdn.fantasyflightgames.com/card_art/8f9f85aa00fb260336b9938e2a3f7c33.jpg",
        "image": "https://sb-cdn.fantasyflightgames.com/card_images/en/09ec8bb3b37800437bbff7963db6aec6.png"
      },
      {
        "ability": "Treat your [Focus] actions as red.",
        "title": "False Tradition",
        "type": "Talent",
        "slots": ["Talent"],
        "ffg": 652,
        "artwork": "https://sb-cdn.fantasyflightgames.com/card_art/30486dca1780008aea8c4c905f44ead3.jpg",
        "image": "https://sb-cdn.fantasyflightgames.com/card_images/en/a060961e9ee792e605c75aaf6d65ad34.png"
      }
    ],
    "cost": { "value": 2 }
  }
]
