[
  {
    "name": "Andrasta",
    "limited": 1,
    "xws": "andrasta",
    "sides": [
      {
        "title": "Andrasta",
        "type": "Title",
        "ability": "Add [Device] slot.",
        "slots": ["Title"],
        "actions": [{ "type": "Reload", "difficulty": "White" }],
        "grants": [
          { "type": "slot", "value": "Device", "amount": 1 },
          {
            "type": "action",
            "value": { "type": "Reload", "difficulty": "White" }
          }
        ],
        "image": "https://sb-cdn.fantasyflightgames.com/card_images/Card_Upgrade_146.png",
        "artwork": "https://sb-cdn.fantasyflightgames.com/card_art/Card_art_XW_U_146.jpg",
        "ffg": 371
      }
    ],
    "cost": { "value": 3 },
    "restrictions": [
      { "factions": ["Scum and Villainy"] },
      { "ships": ["firesprayclasspatrolcraft"] }
    ],
    "hyperspace": true
  },
  {
    "name": "Black One",
    "limited": 1,
    "xws": "blackone",
    "sides": [
      {
        "title": "Black One",
        "type": "Title",
        "ability": "After you perform a [SLAM] action, lose 1 [Charge]. Then you may gain 1 ion token to remove 1 disarm token. If your [Charge] is inactive, you cannot perform the [SLAM] action.",
        "slots": ["Title"],
        "charges": { "value": 1, "recovers": 0 },
        "actions": [{ "type": "SLAM", "difficulty": "White" }],
        "image": "https://sb-cdn.fantasyflightgames.com/card_images/en/3e9870bff7f61acc12970c254eaeca89.png",
        "artwork": "https://sb-cdn.fantasyflightgames.com/card_art/b617cc192e2ffb8368de79d69e1e7956.jpg",
        "ffg": 484,
        "grants": [
          {
            "type": "action",
            "value": { "type": "SLAM", "difficulty": "White" }
          }
        ]
      }
    ],
    "cost": { "value": 2 },
    "restrictions": [{ "factions": ["Resistance"] }, { "ships": ["t70xwing"] }],
    "hyperspace": true
  },
  {
    "name": "Dauntless",
    "limited": 1,
    "xws": "dauntless",
    "sides": [
      {
        "title": "Dauntless",
        "type": "Title",
        "ability": "After you partially execute a maneuver, you may perform 1 white action, treating that action as red.",
        "image": "https://sb-cdn.fantasyflightgames.com/card_images/Card_Upgrade_123.png",
        "slots": ["Title"],
        "artwork": "https://sb-cdn.fantasyflightgames.com/card_art/Card_art_XW_U_123.jpg",
        "ffg": 349
      }
    ],
    "cost": { "value": 4 },
    "restrictions": [
      { "factions": ["Galactic Empire"] },
      { "ships": ["vt49decimator"] }
    ],
    "hyperspace": true
  },
  {
    "name": "Ghost",
    "limited": 1,
    "xws": "ghost",
    "sides": [
      {
        "title": "Ghost",
        "type": "Title",
        "ability": "You can dock 1 attack shuttle or Sheathipede-class shuttle. Your docked ships can deploy only from your rear guides.",
        "image": "https://sb-cdn.fantasyflightgames.com/card_images/Card_Upgrade_102.png",
        "slots": ["Title"],
        "artwork": "https://sb-cdn.fantasyflightgames.com/card_art/Card_art_XW_U_102.jpg",
        "ffg": 326
      }
    ],
    "cost": { "value": 0 },
    "restrictions": [
      { "factions": ["Rebel Alliance"] },
      { "ships": ["vcx100lightfreighter"] }
    ],
    "hyperspace": true
  },
  {
    "name": "Havoc",
    "limited": 1,
    "xws": "havoc",
    "sides": [
      {
        "title": "Havoc",
        "type": "Title",
        "ability": "Remove [Crew] slot. Add [Sensor] and [Astromech] slots.",
        "slots": ["Title"],
        "grants": [
          { "type": "slot", "value": "Sensor", "amount": 1 },
          { "type": "slot", "value": "Astromech", "amount": 1 },
          { "type": "slot", "value": "Crew", "amount": -1 }
        ],
        "image": "https://sb-cdn.fantasyflightgames.com/card_images/Card_Upgrade_147.png",
        "artwork": "https://sb-cdn.fantasyflightgames.com/card_art/Card_art_XW_U_147.jpg",
        "ffg": 372
      }
    ],
    "cost": { "value": 2 },
    "restrictions": [
      { "factions": ["Scum and Villainy"] },
      { "ships": ["scurrgh6bomber"] }
    ],
    "hyperspace": false
  },
  {
    "name": "Hound's Tooth",
    "limited": 1,
    "xws": "houndstooth",
    "sides": [
      {
        "title": "Hound's Tooth",
        "type": "Title",
        "ability": "1 Z-95-AF4 headhunter can dock with you.",
        "slots": ["Title"],
        "image": "https://sb-cdn.fantasyflightgames.com/card_images/Card_Upgrade_148.png",
        "artwork": "https://sb-cdn.fantasyflightgames.com/card_art/Card_art_XW_U_148.jpg",
        "ffg": 373
      }
    ],
    "cost": { "value": 1 },
    "restrictions": [
      { "factions": ["Scum and Villainy"] },
      { "ships": ["yv666lightfreighter"] }
    ],
    "hyperspace": true
  },
  {
    "name": "IG-2000",
    "limited": 0,
    "xws": "ig2000",
    "sides": [
      {
        "title": "IG-2000",
        "type": "Title",
        "ability": "You have the pilot ability of each other friendly ship with the IG-2000 upgrade.",
        "slots": ["Title"],
        "image": "https://sb-cdn.fantasyflightgames.com/card_images/Card_Upgrade_149.png",
        "artwork": "https://sb-cdn.fantasyflightgames.com/card_art/Card_art_XW_U_149.jpg",
        "ffg": 374
      }
    ],
    "cost": { "value": 1 },
    "restrictions": [
      { "factions": ["Scum and Villainy"] },
      { "ships": ["aggressorassaultfighter"] }
    ],
    "hyperspace": false
  },
  {
    "name": "Lando's Millennium Falcon",
    "limited": 1,
    "xws": "landosmillenniumfalcon",
    "sides": [
      {
        "title": "Lando's Millennium Falcon",
        "type": "Title",
        "ability": "1 Escape Craft may dock with you. While you have an Escape Craft docked, you may treat its shields as if they were on your ship card. While you perform a primary attack against a stressed ship, roll 1 additional attack die.",
        "slots": ["Title"],
        "image": "https://sb-cdn.fantasyflightgames.com/card_images/en/96b50606e65bfe308b9e75a03d9a1884.png",
        "artwork": "https://sb-cdn.fantasyflightgames.com/card_art/Card_art_XW_U_164.jpg",
        "ffg": 390
      }
    ],
    "cost": { "value": 3 },
    "restrictions": [
      { "factions": ["Scum and Villainy"] },
      { "ships": ["customizedyt1300lightfreighter"] }
    ],
    "hyperspace": true
  },
  {
    "name": "Marauder",
    "limited": 1,
    "xws": "marauder",
    "sides": [
      {
        "title": "Marauder",
        "type": "Title",
        "ability": "While you perform a primary [Rear Arc] attack, you may reroll 1 attack die. Add [Gunner] slot.",
        "slots": ["Title"],
        "grants": [{ "type": "slot", "value": "Gunner", "amount": 1 }],
        "image": "https://sb-cdn.fantasyflightgames.com/card_images/Card_Upgrade_150.png",
        "artwork": "https://sb-cdn.fantasyflightgames.com/card_art/Card_art_XW_U_150.jpg",
        "ffg": 375
      }
    ],
    "cost": { "value": 6 },
    "restrictions": [
      { "factions": ["Scum and Villainy"] },
      { "ships": ["firesprayclasspatrolcraft"] }
    ],
    "hyperspace": true
  },
  {
    "name": "Millennium Falcon",
    "limited": 1,
    "xws": "millenniumfalcon",
    "sides": [
      {
        "title": "Millennium Falcon",
        "type": "Title",
        "ability": "While you defend, if you are evading, you may reroll 1 defense die.",
        "image": "https://sb-cdn.fantasyflightgames.com/card_images/Card_Upgrade_103.png",
        "slots": ["Title"],
        "actions": [{ "type": "Evade", "difficulty": "White" }],
        "grants": [
          {
            "type": "action",
            "value": { "type": "Evade", "difficulty": "White" }
          }
        ],
        "artwork": "https://sb-cdn.fantasyflightgames.com/card_art/Card_art_XW_U_103.jpg",
        "ffg": 327
      }
    ],
    "cost": { "value": 3 },
    "restrictions": [
      { "factions": ["Rebel Alliance"] },
      { "ships": ["modifiedyt1300lightfreighter"] }
    ],
    "hyperspace": true
  },
  {
    "name": "Mist Hunter",
    "limited": 1,
    "xws": "misthunter",
    "sides": [
      {
        "title": "Mist Hunter",
        "type": "Title",
        "ability": "Add [Cannon] slot.",
        "slots": ["Title"],
        "actions": [{ "type": "Barrel Roll", "difficulty": "White" }],
        "grants": [
          { "type": "slot", "value": "Cannon", "amount": 1 },
          {
            "type": "action",
            "value": { "type": "Barrel Roll", "difficulty": "White" }
          }
        ],
        "image": "https://sb-cdn.fantasyflightgames.com/card_images/Card_Upgrade_151.png",
        "artwork": "https://sb-cdn.fantasyflightgames.com/card_art/Card_art_XW_U_151.jpg",
        "ffg": 376
      }
    ],
    "cost": { "value": 1 },
    "restrictions": [
      { "factions": ["Scum and Villainy"] },
      { "ships": ["g1astarfighter"] }
    ],
    "hyperspace": false
  },
  {
    "name": "Moldy Crow",
    "limited": 1,
    "xws": "moldycrow",
    "sides": [
      {
        "title": "Moldy Crow",
        "type": "Title",
        "ability": "Gain a [Front Arc] primary weapon with a value of \"3.\" During the End Phase, do not remove up to 2 focus tokens.",
        "slots": ["Title"],
        "image": "https://sb-cdn.fantasyflightgames.com/card_images/Card_Upgrade_104.png",
        "artwork": "https://sb-cdn.fantasyflightgames.com/card_art/Card_art_XW_U_104.jpg",
        "ffg": 328
      }
    ],
    "cost": { "value": 18 },
    "restrictions": [
      { "factions": ["Rebel Alliance", "Scum and Villainy"] },
      { "ships": ["hwk290lightfreighter"] }
    ],
    "hyperspace": false
  },
  {
    "name": "Outrider",
    "limited": 1,
    "xws": "outrider",
    "sides": [
      {
        "title": "Outrider",
        "type": "Title",
        "ability": "While you perform an attack that is obstructed by an obstacle, the defender rolls 1 fewer defense die. After you fully execute a maneuver, if you moved through or overlapped an obstacle, you may remove 1 of your red or orange tokens.",
        "image": "https://sb-cdn.fantasyflightgames.com/card_images/Card_Upgrade_105.png",
        "slots": ["Title"],
        "artwork": "https://sb-cdn.fantasyflightgames.com/card_art/Card_art_XW_U_105.jpg",
        "ffg": 329
      }
    ],
    "cost": { "value": 14 },
    "restrictions": [
      { "factions": ["Rebel Alliance"] },
      { "ships": ["yt2400lightfreighter"] }
    ],
    "hyperspace": false
  },
  {
    "name": "Phantom",
    "limited": 1,
    "xws": "phantom",
    "sides": [
      {
        "title": "Phantom",
        "type": "Title",
        "ability": "You can dock at range 0-1.",
        "image": "https://sb-cdn.fantasyflightgames.com/card_images/Card_Upgrade_106.png",
        "slots": ["Title"],
        "artwork": "https://sb-cdn.fantasyflightgames.com/card_art/Card_art_XW_U_106.jpg",
        "ffg": 330
      }
    ],
    "cost": { "value": 0 },
    "restrictions": [
      { "factions": ["Rebel Alliance"] },
      { "ships": ["attackshuttle", "sheathipedeclassshuttle"] }
    ],
    "hyperspace": true
  },
  {
    "name": "Punishing One",
    "limited": 1,
    "xws": "punishingone",
    "sides": [
      {
        "title": "Punishing One",
        "type": "Title",
        "ability": "While you perform a primary attack, if the defender is in your [Front Arc], roll 1 additional attack die. Remove [Crew] slot. Add [Astromech] slot.",
        "slots": ["Title"],
        "grants": [
          { "type": "slot", "value": "Crew", "amount": -1 },
          { "type": "slot", "value": "Astromech", "amount": 1 }
        ],
        "image": "https://sb-cdn.fantasyflightgames.com/card_images/Card_Upgrade_152.png",
        "artwork": "https://sb-cdn.fantasyflightgames.com/card_art/Card_art_XW_U_152.jpg",
        "ffg": 377
      }
    ],
    "cost": { "value": 5 },
    "restrictions": [
      { "factions": ["Scum and Villainy"] },
      { "ships": ["jumpmaster5000"] }
    ],
    "hyperspace": true
  },
  {
    "name": "ST-321",
    "limited": 1,
    "xws": "st321",
    "sides": [
      {
        "title": "ST-321",
        "type": "Title",
        "ability": "After you perform a [Coordinate] action, you may choose an enemy ship at range 0-3 of the ship you coordinated. If you do, acquire a lock on that enemy ship, ignoring range restrictions.",
        "image": "https://sb-cdn.fantasyflightgames.com/card_images/Card_Upgrade_124.png",
        "slots": ["Title"],
        "artwork": "https://sb-cdn.fantasyflightgames.com/card_art/Card_art_XW_U_124.jpg",
        "ffg": 391
      }
    ],
    "cost": { "value": 4 },
    "restrictions": [
      { "factions": ["Galactic Empire"] },
      { "ships": ["lambdaclasst4ashuttle"] }
    ],
    "hyperspace": false
  },
  {
    "name": "Shadow Caster",
    "limited": 1,
    "xws": "shadowcaster",
    "sides": [
      {
        "title": "Shadow Caster",
        "type": "Title",
        "ability": "After you perform an attack that hits, if the defender is in your [Single Turret Arc] and your [Front Arc], the defender gains 1 tractor token.",
        "slots": ["Title"],
        "image": "https://sb-cdn.fantasyflightgames.com/card_images/Card_Upgrade_153.png",
        "artwork": "https://sb-cdn.fantasyflightgames.com/card_art/Card_art_XW_U_153.jpg",
        "ffg": 378
      }
    ],
    "cost": { "value": 1 },
    "restrictions": [
      { "factions": ["Scum and Villainy"] },
      { "ships": ["lancerclasspursuitcraft"] }
    ],
    "hyperspace": false
  },
  {
    "name": "Slave I",
    "limited": 1,
    "xws": "slavei",
    "sides": [
      {
        "title": "Slave I",
        "type": "Title",
        "ability": "After you reveal a turn ([Turn Left] or [Turn Right]) or bank ([Bank Left] or [Bank Right]) maneuver, you may set your dial to the maneuver of the same speed and bearing in the other direction. Add [Torpedo] slot.",
        "slots": ["Title"],
        "grants": [{ "type": "slot", "value": "Torpedo", "amount": 1 }],
        "image": "https://sb-cdn.fantasyflightgames.com/card_images/Card_Upgrade_154.png",
        "artwork": "https://sb-cdn.fantasyflightgames.com/card_art/Card_art_XW_U_154.jpg",
        "ffg": 379
      }
    ],
    "cost": { "value": 5 },
    "restrictions": [
      { "factions": ["Scum and Villainy"] },
      { "ships": ["firesprayclasspatrolcraft"] }
    ],
    "hyperspace": true
  },
  {
    "name": "Virago",
    "limited": 1,
    "xws": "virago",
    "sides": [
      {
        "title": "Virago",
        "type": "Title",
        "ability": "During the End Phase, you may spend 1 [Charge] to perform a red [Boost] action. Add [Modification] slot.",
        "slots": ["Title"],
        "charges": { "value": 2, "recovers": 0 },
        "grants": [
          { "type": "slot", "value": "Modification", "amount": 1 },
          { "type": "stat", "value": "shields", "amount": 1 }
        ],
        "image": "https://sb-cdn.fantasyflightgames.com/card_images/Card_Upgrade_155.png",
        "artwork": "https://sb-cdn.fantasyflightgames.com/card_art/Card_art_XW_U_155.jpg",
        "ffg": 380
      }
    ],
    "cost": { "value": 8 },
    "restrictions": [{ "ships": ["starviperclassattackplatform"] }],
    "hyperspace": false
  },
  {
    "name": "Rey's Millennium Falcon",
    "limited": 1,
    "xws": "reysmillenniumfalcon",
    "sides": [
      {
        "title": "Rey's Millennium Falcon",
        "type": "Title",
        "ability": "If you have 2 or fewer stress tokens, you can execute red Segnor's Loop [[Segnor's Loop Left] or [Segnor's Loop Right]] maneuvers and perform [Boost] and [Rotate Arc] actions even while stressed.",
        "image": "https://sb-cdn.fantasyflightgames.com/card_images/en/23627443c7f5e7447c306ea7c6242634.png",
        "artwork": "https://sb-cdn.fantasyflightgames.com/card_art/905ee2a41b7d3b6d1f76294b4cd3e99e.jpg",
        "slots": ["Title"],
        "ffg": 485
      }
    ],
    "cost": { "value": 2 },
    "restrictions": [
      { "factions": ["Resistance"] },
      { "ships": ["scavengedyt1300"] }
    ],
    "hyperspace": false
  },
  {
    "name": "Soulless One",
    "limited": 1,
    "xws": "soullessone",
    "sides": [
      {
        "title": "Soulless One",
        "type": "Title",
        "ability": "While you defend, if the attacker is outside your firing arc, you may reroll 1 defense die.",
        "slots": ["Title"],
        "grants": [{ "type": "stat", "value": "hull", "amount": 2 }],
        "image": "https://sb-cdn.fantasyflightgames.com/card_images/en/36b33e7330846570087096cb55fba140.png",
        "artwork": "https://sb-cdn.fantasyflightgames.com/card_art/36d9391908fe020dec45153ce9bd7d3d.jpg",
        "ffg": 533
      }
    ],
    "restrictions": [
      { "factions": ["Separatist Alliance"] },
      { "ships": ["belbullab22starfighter"] }
    ],
    "hyperspace": true,
    "cost": { "value": 6 }
  },
  {
    "name": "Scimitar",
    "limited": 1,
    "xws": "scimitar",
    "sides": [
      {
        "title": "Scimitar",
        "type": "Title",
        "ability": "Setup: After the Place Forces step, you may cloak. After you decloak, you may choose an enemy ship in your [Bullseye Arc]. If you do, it gains 1 jam token.",
        "slots": ["Title"],
        "grants": [
          {
            "type": "action",
            "value": { "type": "Cloak", "difficulty": "Red" }
          },
          {
            "type": "action",
            "value": { "type": "Jam", "difficulty": "White" }
          }
        ],
        "artwork": "https://sb-cdn.fantasyflightgames.com/card_art/1380bed351b072e5c4df4bb776625fad.jpg",
        "image": "https://sb-cdn.fantasyflightgames.com/card_images/en/73d545fd02afd29fa8aa9e9015e7be6e.png",
        "ffg": 542
      }
    ],
    "restrictions": [
      { "factions": ["Separatist Alliance"] },
      { "ships": ["sithinfiltrator"] }
    ],
    "hyperspace": true,
    "cost": { "value": 4 }
  },
  {
    "name": "Assailer",
    "limited": 1,
    "xws": "assailer",
    "hyperspace": false,
    "sides": [
      {
        "ability": "Add [Gunner] slot. While you defend, if the attack range is 1, you may roll 1 additional defense die.",
        "title": "Assailer",
        "type": "Title",
        "slots": ["Title"]
      }
    ],
    "cost": { "value": 7 }
  },
  {
    "name": "Blood Crow",
    "limited": 1,
    "xws": "bloodcrow",
    "hyperspace": false,
    "sides": [
      {
        "ability": "Add [Gunner] Slot. While you perofrm an attack at attack range 1-2, you may add 1 [Focus] result.",
        "title": "Blood Crow",
        "type": "Title",
        "slots": ["Title"]
      }
    ],
    "cost": { "value": 5 }
  },
  {
    "name": "Bright Hope",
    "limited": 1,
    "xws": "brighthope",
    "hyperspace": false,
    "sides": [
      {
        "ability": "You can reinforce only your [Full Front Arc]. While you defend, if you are reinforced and the attacker is in your [Full Front Arc], you may roll 1 additional defense die.",
        "title": "Bright Hope",
        "type": "Title",
        "slots": ["Title"]
      }
    ],
    "cost": { "value": 5 }
  },
  {
    "name": "Broken Horn",
    "limited": 1,
    "xws": "brokenhorn",
    "hyperspace": false,
    "sides": [
      {
        "ability": "Add [Crew] and [Illicit] slots. If you are damaged, reduce the difficulty if your speed 3-5 maneuvers.",
        "title": "Broken Horn",
        "type": "Title",
        "slots": ["Title"]
      }
    ],
    "cost": { "value": 4 }
  },
  {
    "name": "Corvus",
    "limited": 1,
    "xws": "corvus",
    "hyperspace": false,
    "sides": [
      {
        "ability": "You can dock up to 2 small ships. After you perform a [Calculate] action, gain 1 calculate token.",
        "title": "Corvus",
        "type": "Title",
        "slots": ["Title"],
        "grants": [
          {
            "type": "action",
            "value": { "type": "Calculate", "difficulty": "White" }
          }
        ]
      }
    ],
    "cost": { "value": 3 }
  },
  {
    "name": "Dodonna's Pride",
    "limited": 1,
    "xws": "dodonnaspride",
    "hyperspace": false,
    "sides": [
      {
        "ability": "Add [Team] and [Cargo] slots.",
        "title": "Dodonna's Pride",
        "type": "Title",
        "slots": ["Title"],
        "grants": [
          {
            "type": "action",
            "value": {
              "type": "Evade",
              "difficulty": "White",
              "linked": { "type": "Coordinate", "difficulty": "Red" }
            }
          },
          {
            "type": "action",
            "value": {
              "type": "Focus",
              "difficulty": "White",
              "linked": { "type": "Coordinate", "difficulty": "Red" }
            }
          }
        ]
      }
    ],
    "cost": { "value": 8 }
  },
  {
    "name": "Impetuous",
    "limited": 1,
    "xws": "impetuous",
    "hyperspace": false,
    "sides": [
      {
        "ability": "Add [Crew] slot. After you perform an attack, if the defender was destroyed, you may perform a [Focus] or [Lock] action.",
        "title": "Impetuous",
        "type": "Title",
        "slots": ["Title"]
      }
    ],
    "cost": { "value": 4 }
  },
  {
    "name": "Insatiable Worrt",
    "limited": 1,
    "xws": "insatiableworrt",
    "hyperspace": false,
    "sides": [
      {
        "ability": "Add [Cargo] slot. During the End Phase, you may recover 1 additional [Shield] or [Energy].",
        "title": "Insatiable Worrt",
        "type": "Title",
        "slots": ["Title"]
      }
    ],
    "cost": { "value": 7 }
  },
  {
    "name": "Instigator",
    "limited": 1,
    "xws": "instigator",
    "hyperspace": false,
    "sides": [
      {
        "ability": "Add [Team] slot. While you perform an attack, if the defender has an orange or red tokem, you may reroll up to 2 attack dice.",
        "title": "Instigator",
        "type": "Title",
        "slots": ["Title"]
      }
    ],
    "cost": { "value": 6 }
  },
  {
    "name": "Jaina's Light",
    "limited": 1,
    "xws": "jainaslight",
    "hyperspace": false,
    "sides": [
      {
        "ability": "While a friendly ship at range 0-2 defends, if the attack is obstructed by an obstacle, you may spend 1 [Energy]. If you do, the defender rolls 1 additional defense die.",
        "title": "Jaina's Light",
        "type": "Title",
        "slots": ["Title"]
      }
    ],
    "cost": { "value": 6 }
  },
  {
    "name": "Kaz's Fireball",
    "limited": 1,
    "xws": "kazsfireball",
    "hyperspace": true,
    "sides": [
      {
        "ability": "Setup: When you resolve Explosion with Wings, you may search the damage deck and choose a damage card with the Ship trait; you are dealt that card instead. Then, shuffle the damage deck. You can perform actions on damage cards even while ionized.",
        "title": "Kaz's Fireball",
        "type": "Title",
        "slots": ["Title"],
        "ffg": 655,
        "artwork": "https://sb-cdn.fantasyflightgames.com/card_art/0affe4d794e05c485d6103e5414e816a.jpg",
        "image": "https://sb-cdn.fantasyflightgames.com/card_images/en/793a1b659936801101622a5fc0a71e73.png"
      }
    ],
    "cost": { "value": 2 }
  },
  {
    "name": "Liberator",
    "limited": 1,
    "xws": "liberator",
    "hyperspace": false,
    "sides": [
      {
        "ability": "You can dock up to 2 small ships. After a ship deploys from you, it may perform a [Focus] or [Barrel Roll] action.",
        "title": "Liberator",
        "type": "Title",
        "slots": ["Title"]
      }
    ],
    "cost": { "value": 5 }
  },
  {
    "name": "Luminous",
    "limited": 1,
    "xws": "luminous",
    "hyperspace": false,
    "sides": [
      {
        "ability": "Setup: You are placed in reserve. At the end of setup, you are placed in the play area at range 0-2 of a friendly ship.",
        "title": "Luminous",
        "type": "Title",
        "slots": ["Title"]
      }
    ],
    "cost": { "value": 12 }
  },
  {
    "name": "Merchant One",
    "limited": 1,
    "xws": "merchantone",
    "hyperspace": false,
    "sides": [
      {
        "ability": "Add [Turret], [Team], and [Cargo] slots. Bonus Attack: Perform a [Turret] attack.",
        "title": "Merchant One",
        "type": "Title",
        "slots": ["Title"],
        "grants": [
          {
            "type": "action",
            "value": { "type": "Evade", "difficulty": "Red" }
          },
          {
            "type": "action",
            "value": { "type": "Coordinate", "difficulty": "White" }
          }
        ]
      }
    ],
    "cost": { "value": 8 }
  },
  {
    "name": "Quantum Storm",
    "limited": 1,
    "xws": "quantumstorm",
    "hyperspace": false,
    "sides": [
      {
        "ability": "Add [Team] and [Cargo] slots. After you fully execute a white maneuver, recover 1 [Energy].",
        "title": "Quantum Storm",
        "type": "Title",
        "slots": ["Title"]
      }
    ],
    "cost": { "value": 3 }
  },
  {
    "name": "Requiem",
    "limited": 1,
    "xws": "requiem",
    "hyperspace": false,
    "sides": [
      {
        "ability": "After a ship deploys from you, it may acquire a lock on one ship you are locking, ignoring range restrictions.",
        "title": "Requiem",
        "type": "Title",
        "slots": ["Title"]
      }
    ],
    "cost": { "value": 7 }
  },
  {
    "name": "Suppressor",
    "limited": 1,
    "xws": "suppressor",
    "hyperspace": false,
    "sides": [
      {
        "ability": "Add [Sensor] slot. After you coordinate a friendly ship, you may spend 1 [Energy] to jam an enemy ship at range 0-2 of that ship, ignoring range restrictions.",
        "title": "Suppressor",
        "type": "Title",
        "slots": ["Title"]
      }
    ],
    "cost": { "value": 6 }
  },
  {
    "name": "Tantive IV",
    "limited": 1,
    "xws": "tantiveiv",
    "hyperspace": false,
    "sides": [
      {
        "ability": "Add 2 [Crew] slots. While you defend, if the attacker is in your [Rear Arc], you may roll 1 additional defense die.",
        "title": "Tantive IV",
        "type": "Title",
        "slots": ["Title"]
      }
    ],
    "cost": { "value": 6 }
  },
  {
    "name": "Thunderstrike",
    "limited": 1,
    "xws": "thunderstrike",
    "hyperspace": false,
    "sides": [
      {
        "ability": "Add [Gunner] slot. While you perform a bonus attack, if you have not attacked the defender this round, you may reroll 1 attack die.",
        "title": "Thunderstrike",
        "type": "Title",
        "slots": ["Title"]
      }
    ],
    "cost": { "value": 4 }
  },
  {
    "name": "Vector",
    "limited": 1,
    "xws": "vector",
    "hyperspace": false,
    "sides": [
      {
        "ability": "Add [Crew] and [Cargo] slots. After a ships deploys from you, it may perform a [Evade] or [Boost] action.",
        "title": "Vector",
        "type": "Title",
        "slots": ["Title"]
      }
    ],
    "cost": { "value": 8 }
  }
]
