{
  "name": "HWK-290 Light Freighter",
  "xws": "hwk290lightfreighter",
  "ffg": 34,
  "size": "Small",
  "dial": [
    "0OR",
    "1BB",
    "1FB",
    "1NB",
    "2TW",
    "2BW",
    "2FB",
    "2NW",
    "2YW",
    "3TR",
    "3BW",
    "3FB",
    "3NW",
    "3YR",
    "4FW"
  ],
  "dialCodes": ["HK"],
  "faction": "Scum and Villainy",
  "stats": [
    { "arc": "Single Turret Arc", "type": "attack", "value": 2 },
    { "type": "agility", "value": 2 },
    { "type": "hull", "value": 3 },
    { "type": "shields", "value": 2 }
  ],
  "actions": [
    {
      "difficulty": "White",
      "linked": { "difficulty": "Red", "type": "Rotate Arc" },
      "type": "Focus"
    },
    {
      "difficulty": "White",
      "linked": { "difficulty": "Red", "type": "Rotate Arc" },
      "type": "Lock"
    },
    { "difficulty": "Red", "type": "Boost" },
    { "difficulty": "White", "type": "Rotate Arc" },
    { "difficulty": "Red", "type": "Jam" }
  ],
  "icon": "https://sb-cdn.fantasyflightgames.com/ship_types/I_HWK-290.png",
  "pilots": [
    {
      "name": "Dace Bonearm",
      "caption": "Outer Rim Mercenary",
      "initiative": 4,
      "limited": 1,
      "cost": 31,
      "xws": "dacebonearm",
      "ability": "After an enemy ship at range 0-3 receives at least 1 ion token, you may spend 3 [Charge]. If you do, that ship gains 2 additional ion tokens.",
      "image": "https://sb-cdn.fantasyflightgames.com/card_images/Card_Pilot_174.png",
      "charges": { "value": 3, "recovers": 1 },
      "slots": [
        "Talent",
        "Crew",
        "Device",
        "Illicit",
        "Modification",
        "Modification",
        "Title"
      ],
      "artwork": "https://sb-cdn.fantasyflightgames.com/card_art/Card_art_XW_P_174.jpg",
      "ffg": 174,
      "hyperspace": false
    },
    {
      "name": "Palob Godalhi",
      "caption": "Tethan Resister",
      "initiative": 3,
      "limited": 1,
      "cost": 40,
      "xws": "palobgodalhi",
      "ability": "At the start of the Engagement Phase, you may choose 1 enemy ship in your firing arc at range 0-2. If you do, transfer 1 focus or evade token from that ship to yourself.",
      "image": "https://sb-cdn.fantasyflightgames.com/card_images/Card_Pilot_175.png",
      "slots": [
        "Talent",
        "Crew",
        "Device",
        "Illicit",
        "Modification",
        "Modification",
        "Title"
      ],
      "artwork": "https://sb-cdn.fantasyflightgames.com/card_art/Card_art_XW_P_175.jpg",
      "ffg": 175,
      "hyperspace": false
    },
    {
      "name": "Spice Runner",
      "initiative": 1,
      "limited": 0,
      "cost": 28,
      "xws": "spicerunner",
      "text": "Though its cargo space is limited compared to other light freighters, the small, swift HWK-290 is a favorite choice of smugglers who specialize in discreetly transporting precious goods.",
      "image": "https://sb-cdn.fantasyflightgames.com/card_images/Card_Pilot_177.png",
      "slots": [
        "Crew",
        "Device",
        "Illicit",
        "Modification",
        "Modification",
        "Title"
      ],
      "artwork": "https://sb-cdn.fantasyflightgames.com/card_art/Card_art_XW_P_177.jpg",
      "ffg": 177,
      "hyperspace": false
    },
    {
      "name": "Torkil Mux",
      "caption": "Mercenary Miner",
      "initiative": 2,
      "limited": 1,
      "cost": 38,
      "xws": "torkilmux",
      "ability": "At the start of the Engagement Phase, you may choose 1 ship in your firing arc. If you do, that ship engages at initiative 0 instead of its normal initiative value this round.",
      "image": "https://sb-cdn.fantasyflightgames.com/card_images/Card_Pilot_176.png",
      "slots": [
        "Crew",
        "Device",
        "Illicit",
        "Modification",
        "Modification",
        "Title"
      ],
      "artwork": "https://sb-cdn.fantasyflightgames.com/card_art/Card_art_XW_P_176.jpg",
      "ffg": 176,
      "hyperspace": false
    }
  ]
}
