{
  "name": "Kihraxz Fighter",
  "xws": "kihraxzfighter",
  "ffg": 7,
  "size": "Small",
  "dial": [
    "1TW",
    "1BB",
    "1NB",
    "1YW",
    "2ER",
    "2TW",
    "2BB",
    "2FB",
    "2NB",
    "2YW",
    "2RR",
    "3BW",
    "3FB",
    "3NW",
    "4FW",
    "4KR"
  ],
  "dialCodes": ["KXZ"],
  "faction": "Scum and Villainy",
  "stats": [
    { "arc": "Front Arc", "type": "attack", "value": 3 },
    { "type": "agility", "value": 2 },
    { "type": "hull", "value": 5 },
    { "type": "shields", "value": 1 }
  ],
  "actions": [
    { "difficulty": "White", "type": "Focus" },
    { "difficulty": "White", "type": "Lock" },
    { "difficulty": "White", "type": "Barrel Roll" }
  ],
  "icon": "https://sb-cdn.fantasyflightgames.com/ship_types/I_Kihraxz.png",
  "pilots": [
    {
      "name": "Black Sun Ace",
      "initiative": 3,
      "limited": 0,
      "cost": 40,
      "xws": "blacksunace",
      "text": "The Kihraxz assault fighter was developed specifically for the Black Sun crime syndicate, whose highly paid ace pilots demanded a nimble, powerful ship to match their skills.",
      "image": "https://sb-cdn.fantasyflightgames.com/card_images/Card_Pilot_195.png",
      "slots": [
        "Talent",
        "Missile",
        "Illicit",
        "Illicit",
        "Modification",
        "Modification"
      ],
      "artwork": "https://sb-cdn.fantasyflightgames.com/card_art/Card_art_XW_P_195.jpg",
      "ffg": 195,
      "hyperspace": false
    },
    {
      "name": "Captain Jostero",
      "caption": "Aggressive Opportunist",
      "initiative": 3,
      "limited": 1,
      "cost": 42,
      "xws": "captainjostero",
      "ability": "After an enemy ship suffers damage, if it is not defending, you may perform a bonus attack against that ship.",
      "image": "https://sb-cdn.fantasyflightgames.com/card_images/Card_Pilot_194.png",
      "slots": [
        "Missile",
        "Illicit",
        "Illicit",
        "Modification",
        "Modification"
      ],
      "artwork": "https://sb-cdn.fantasyflightgames.com/card_art/Card_art_XW_P_194.jpg",
      "ffg": 194,
      "hyperspace": false
    },
    {
      "name": "Cartel Marauder",
      "initiative": 2,
      "limited": 0,
      "cost": 38,
      "xws": "cartelmarauder",
      "text": "The versatile Kihraxz was modeled after Incom's popular X-wing starfighter, but an array of after-market modification kits ensure a wide variety of designs.",
      "image": "https://sb-cdn.fantasyflightgames.com/card_images/Card_Pilot_196.png",
      "slots": [
        "Missile",
        "Illicit",
        "Illicit",
        "Modification",
        "Modification"
      ],
      "artwork": "https://sb-cdn.fantasyflightgames.com/card_art/Card_art_XW_P_196.jpg",
      "ffg": 196,
      "hyperspace": false
    },
    {
      "name": "Graz",
      "caption": "The Hunter",
      "initiative": 4,
      "limited": 1,
      "cost": 46,
      "xws": "graz",
      "ability": "While you defend, if you are behind the attacker, roll 1 additional defense die. While you perform an attack, if you are behind the defender, roll 1 additional attack die.",
      "image": "https://sb-cdn.fantasyflightgames.com/card_images/Card_Pilot_192.png",
      "slots": [
        "Talent",
        "Missile",
        "Illicit",
        "Illicit",
        "Modification",
        "Modification"
      ],
      "artwork": "https://sb-cdn.fantasyflightgames.com/card_art/Card_art_XW_P_192.jpg",
      "ffg": 192,
      "hyperspace": false
    },
    {
      "name": "Talonbane Cobra",
      "caption": "Scourge of Tansarii Point",
      "initiative": 5,
      "limited": 1,
      "cost": 50,
      "xws": "talonbanecobra",
      "ability": "While you defend at attack range 3 or perform an attack at attack range 1, roll 1 additional die.",
      "image": "https://sb-cdn.fantasyflightgames.com/card_images/Card_Pilot_191.png",
      "slots": [
        "Talent",
        "Missile",
        "Illicit",
        "Illicit",
        "Modification",
        "Modification"
      ],
      "artwork": "https://sb-cdn.fantasyflightgames.com/card_art/Card_art_XW_P_191.jpg",
      "ffg": 191,
      "hyperspace": false
    },
    {
      "name": "Viktor Hel",
      "caption": "Storied Bounty Hunter",
      "initiative": 4,
      "limited": 1,
      "cost": 44,
      "xws": "viktorhel",
      "ability": "After you defend, if you did not roll exactly 2 defense dice, the attacker gains 1 stress token.",
      "image": "https://sb-cdn.fantasyflightgames.com/card_images/Card_Pilot_193.png",
      "slots": [
        "Talent",
        "Missile",
        "Illicit",
        "Illicit",
        "Modification",
        "Modification"
      ],
      "artwork": "https://sb-cdn.fantasyflightgames.com/card_art/Card_art_XW_P_193.jpg",
      "ffg": 193,
      "hyperspace": false
    }
  ]
}
