{
  "name": "M12-L Kimogila Fighter",
  "xws": "m12lkimogilafighter",
  "ffg": 39,
  "size": "Medium",
  "dial": [
    "1TR",
    "1BW",
    "1FB",
    "1NW",
    "1YR",
    "2TW",
    "2BB",
    "2FB",
    "2NB",
    "2YW",
    "3TW",
    "3BW",
    "3FB",
    "3NW",
    "3YW",
    "4KR"
  ],
  "dialCodes": ["M12"],
  "faction": "Scum and Villainy",
  "stats": [
    { "arc": "Front Arc", "type": "attack", "value": 3 },
    { "type": "agility", "value": 1 },
    { "type": "hull", "value": 7 },
    { "type": "shields", "value": 2 }
  ],
  "actions": [
    { "difficulty": "White", "type": "Focus" },
    { "difficulty": "White", "type": "Lock" },
    { "difficulty": "Red", "type": "Barrel Roll" },
    { "difficulty": "White", "type": "Reload" }
  ],
  "icon": "https://sb-cdn.fantasyflightgames.com/ship_types/I_Kimogila.png",
  "pilots": [
    {
      "name": "Cartel Executioner",
      "initiative": 3,
      "limited": 0,
      "cost": 41,
      "xws": "cartelexecutioner",
      "text": "Many veteran pilots in the service of the Hutt kajidics and other criminal operations choose the M12-L Kimogila for its firepower and dreaded reputation alike.",
      "image": "https://sb-cdn.fantasyflightgames.com/card_images/Card_Pilot_209.png",
      "shipAbility": {
        "name": "Dead to Rights",
        "text": "While you perform an attack, if the defender is in your [Bullseye Arc], defense dice cannot be modified using green tokens."
      },
      "slots": [
        "Talent",
        "Torpedo",
        "Missile",
        "Astromech",
        "Illicit",
        "Modification"
      ],
      "artwork": "https://sb-cdn.fantasyflightgames.com/card_art/Card_art_XW_P_209.jpg",
      "ffg": 209,
      "hyperspace": false
    },
    {
      "name": "Dalan Oberos",
      "caption": "Returned from the Grave",
      "initiative": 3,
      "limited": 1,
      "cost": 45,
      "xws": "dalanoberos",
      "ability": "At the start of the Engagement Phase, you may choose 1 shielded ship in your [Bullseye Arc] and spend 1 [Charge]. If you do, that ship loses 1 shield and you recover 1 shield.",
      "image": "https://sb-cdn.fantasyflightgames.com/card_images/Card_Pilot_208.png",
      "charges": { "value": 2, "recovers": 0 },
      "shipAbility": {
        "name": "Dead to Rights",
        "text": "While you perform an attack, if the defender is in your [Bullseye Arc], defense dice cannot be modified using green tokens."
      },
      "slots": [
        "Talent",
        "Torpedo",
        "Missile",
        "Astromech",
        "Illicit",
        "Modification"
      ],
      "artwork": "https://sb-cdn.fantasyflightgames.com/card_art/Card_art_XW_P_208.jpg",
      "ffg": 208,
      "hyperspace": false
    },
    {
      "name": "Torani Kulda",
      "caption": "Rodian Freelancer",
      "initiative": 4,
      "limited": 1,
      "cost": 48,
      "xws": "toranikulda",
      "ability": "After you perform an attack, each enemy ship in your [Bullseye Arc] suffers 1 [Hit] damage unless it removes 1 green token.",
      "image": "https://sb-cdn.fantasyflightgames.com/card_images/Card_Pilot_207.png",
      "shipAbility": {
        "name": "Dead to Rights",
        "text": "While you perform an attack, if the defender is in your [Bullseye Arc], defense dice cannot be modified using green tokens."
      },
      "slots": [
        "Talent",
        "Torpedo",
        "Missile",
        "Astromech",
        "Illicit",
        "Modification"
      ],
      "artwork": "https://sb-cdn.fantasyflightgames.com/card_art/Card_art_XW_P_207.jpg",
      "ffg": 207,
      "hyperspace": false
    }
  ]
}
