{
  "name": "TIE/ba Interceptor",
  "xws": "tiebainterceptor",
  "ffg": 69,
  "size": "Small",
  "dial": [
    "1TB",
    "1BB",
    "1NB",
    "1YB",
    "2LR",
    "2TW",
    "2BB",
    "2FB",
    "2NB",
    "2YW",
    "2PR",
    "3TW",
    "3BW",
    "3FB",
    "3NW",
    "3YW",
    "4FB",
    "5FW",
    "5KR"
  ],
  "dialCodes": ["VT"],
  "faction": "First Order",
  "stats": [
    { "arc": "Front Arc", "type": "attack", "value": 3 },
    { "type": "agility", "value": 3 },
    { "type": "hull", "value": 2 },
    { "type": "shields", "value": 2 }
  ],
  "actions": [
    { "difficulty": "White", "type": "Focus" },
    { "difficulty": "White", "type": "Evade" },
    { "difficulty": "White", "type": "Lock" },
    { "difficulty": "White", "type": "Barrel Roll" },
    { "difficulty": "White", "type": "Boost" }
  ],
  "icon": "https://sb-cdn.fantasyflightgames.com/ship_types/I_Vonregs-First-Order-TIE-Interceptor.png",
  "pilots": [
    {
      "name": "Major Vonreg",
      "caption": "Red Baron",
      "initiative": 6,
      "limited": 1,
      "cost": 55,
      "xws": "majorvonreg",
      "ability": "During the System Phase, you may choose 1 enemy ship in your [Bullseye Arc]. That ship gains 1 deplete or strain token of your choice.",
      "shipAbility": {
        "name": "Fine-Tuned Thrusters",
        "text": "After you fully execute a maneuver, if you are not depleted or strained, you may gain 1 deplete or strain token to perform a [Lock] or [Barrel Roll] action."
      },
      "slots": ["Talent", "Tech", "Missile", "Modification"],
      "hyperspace": true,
      "ffg": 624,
      "artwork": "https://sb-cdn.fantasyflightgames.com/card_art/4d8fdab1a5317159fcd56f722b6d73e5.jpg",
      "image": "https://sb-cdn.fantasyflightgames.com/card_images/en/e95d46ad3a22ad0790cfd18a7e10cf81.png"
    },
    {
      "name": "\"Holo\"",
      "caption": "Trick of the Light",
      "initiative": 5,
      "limited": 1,
      "cost": 53,
      "xws": "holo",
      "ability": "At the start of the Engagement Phase, you must transfer 1 of your tokens to another friendly ship at range 0-2.",
      "shipAbility": {
        "name": "Fine-Tuned Thrusters",
        "text": "After you fully execute a maneuver, if you are not depleted or strained, you may gain 1 deplete or strain token to perform a [Lock] or [Barrel Roll] action."
      },
      "slots": ["Talent", "Tech", "Missile", "Modification"],
      "hyperspace": true,
      "ffg": 625,
      "artwork": "https://sb-cdn.fantasyflightgames.com/card_art/61d81abede1ce312b0de7d16623c2e60.jpg",
      "image": "https://sb-cdn.fantasyflightgames.com/card_images/en/ee53482be8e59ff44f272e76c4e8123d.png"
    },
    {
      "name": "\"Ember\"",
      "caption": "Dying Flame",
      "initiative": 4,
      "limited": 1,
      "cost": 48,
      "xws": "ember",
      "ability": "While you perform an attack, if there is a damaged ship friendly to the defender at range 0-1 of the defender, the defender cannot spend focus or calculate tokens.",
      "shipAbility": {
        "name": "Fine-Tuned Thrusters",
        "text": "After you fully execute a maneuver, if you are not depleted or strained, you may gain 1 deplete or strain token to perform a [Lock] or [Barrel Roll] action."
      },
      "slots": ["Talent", "Tech", "Missile", "Modification"],
      "hyperspace": true,
      "ffg": 626,
      "artwork": "https://sb-cdn.fantasyflightgames.com/card_art/47fd0abc0fa4cea1508a800e75d18ebe.jpg",
      "image": "https://sb-cdn.fantasyflightgames.com/card_images/en/4de956edddeacb92ef3e4f94e0a63db3.png"
    },
    {
      "name": "First Order Provocateur",
      "initiative": 3,
      "limited": 0,
      "cost": 41,
      "xws": "firstorderprovocateur",
      "text": "Major Vonreg's vision guided the enhancement of proven designs while engineering this one-of-a-kind precise and lethal craft from Sienar-Jaemus Fleet Systems.",
      "shipAbility": {
        "name": "Fine-Tuned Thrusters",
        "text": "After you fully execute a maneuver, if you are not depleted or strained, you may gain 1 deplete or strain token to perform a [Lock] or [Barrel Roll] action."
      },
      "slots": ["Talent", "Tech", "Missile", "Modification"],
      "hyperspace": true,
      "ffg": 627,
      "artwork": "https://sb-cdn.fantasyflightgames.com/card_art/947aa948233f6a5fe5833dcf45cf8f01.jpg",
      "image": "https://sb-cdn.fantasyflightgames.com/card_images/en/c834c2c4722b60e67292130d40c7ec19.png"
    }
  ]
}
