{
  "name": "Upsilon-class command shuttle",
  "xws": "upsilonclassshuttle",
  "ffg": 51,
  "size": "Large",
  "dial": [
    "0OR",
    "1TR",
    "1BW",
    "1FB",
    "1NW",
    "1YR",
    "2TW",
    "2BB",
    "2FB",
    "2NB",
    "2YW",
    "3TR",
    "3BW",
    "3FW",
    "3NW",
    "3YR"
  ],
  "dialCodes": ["Ups"],
  "faction": "First Order",
  "stats": [
    { "type": "attack", "value": 4, "arc": "Front Arc" },
    { "type": "agility", "value": 1 },
    { "type": "hull", "value": 6 },
    { "type": "shields", "value": 6 }
  ],
  "actions": [
    { "difficulty": "White", "type": "Focus" },
    { "difficulty": "White", "type": "Lock" },
    { "difficulty": "White", "type": "Reinforce" },
    { "difficulty": "White", "type": "Coordinate" },
    { "difficulty": "White", "type": "Jam" }
  ],
  "icon": "https://sb-cdn.fantasyflightgames.com/ship_types/I_UpsilonShuttle.png",
  "pilots": [
    {
      "name": "Lieutenant Dormitz",
      "caption": "Hypercomms Specialist",
      "initiative": 2,
      "limited": 1,
      "cost": 70,
      "xws": "lieutenantdormitz",
      "ability": "Setup: After you are placed, other friendly ships can be placed anywhere in the play area at range 0-2 of you.",
      "shipAbility": {
        "name": "Linked Battery",
        "text": "While you perform a [Cannon] attack, roll 1 additional die."
      },
      "slots": [
        "Sensor",
        "Cannon",
        "Crew",
        "Crew",
        "Crew",
        "Modification",
        "Tech",
        "Tech"
      ],
      "image": "https://sb-cdn.fantasyflightgames.com/card_images/en/e4acd80da2c39e25d4f999cb7c314fe5.png",
      "artwork": "https://sb-cdn.fantasyflightgames.com/card_art/4505cb1930309673fe5592dbc112d733.jpg",
      "ffg": 412,
      "hyperspace": false
    },
    {
      "name": "Major Stridan",
      "caption": "Stentorian Commander",
      "initiative": 4,
      "limited": 1,
      "cost": 61,
      "xws": "majorstridan",
      "ability": "While you coordinate or resolve the effect of one of your upgrades, you may treat friendly ships at range 2-3 as being at range 0 or range 1.",
      "shipAbility": {
        "name": "Linked Battery",
        "text": "While you perform a [Cannon] attack, roll 1 additional die."
      },
      "slots": [
        "Sensor",
        "Cannon",
        "Crew",
        "Crew",
        "Crew",
        "Modification",
        "Tech",
        "Tech"
      ],
      "image": "https://sb-cdn.fantasyflightgames.com/card_images/en/8420beca035dedf1596c7c99255fb2e7.png",
      "artwork": "https://sb-cdn.fantasyflightgames.com/card_art/862f9dcc1ce9809f9a394d8f0b05f268.jpg",
      "ffg": 410,
      "hyperspace": false
    },
    {
      "name": "Petty Officer Thanisson",
      "xws": "pettyofficerthanisson",
      "caption": "Alert Flight Controller",
      "initiative": 1,
      "limited": 1,
      "cost": 59,
      "charges": { "value": 1, "recovers": 1 },
      "ability": "During the Activation or Engagement Phase, after a ship in your [Front Arc] at range 0-2 gains 1 stress token, you may spend 1 [Charge]. If you do, that ship gains 1 tractor token.",
      "shipAbility": {
        "name": "Linked Battery",
        "text": "While you perform a [Cannon] attack, roll 1 additional die."
      },
      "slots": [
        "Sensor",
        "Cannon",
        "Crew",
        "Crew",
        "Crew",
        "Modification",
        "Tech",
        "Tech"
      ],
      "image": "https://sb-cdn.fantasyflightgames.com/card_images/en/3a2232a5238d8bf5e7538fe1d6003dbc.png",
      "artwork": "https://sb-cdn.fantasyflightgames.com/card_art/24a40f6ec1875bfae9e7531b02252993.jpg",
      "ffg": 458,
      "hyperspace": false
    },
    {
      "name": "Starkiller Base Pilot",
      "xws": "starkillerbasepilot",
      "initiative": 2,
      "limited": 0,
      "cost": 58,
      "text": "The Upsilon-class command shuttle serves as a base of operations for many of the First Order's senior officers and agents. Its powerful sensors and communications equipment allow them to orchestrate the spread of terror across the galaxy.",
      "shipAbility": {
        "name": "Linked Battery",
        "text": "While you perform a [Cannon] attack, roll 1 additional die."
      },
      "slots": [
        "Sensor",
        "Cannon",
        "Crew",
        "Crew",
        "Crew",
        "Modification",
        "Tech",
        "Tech"
      ],
      "image": "https://sb-cdn.fantasyflightgames.com/card_images/en/41f6d936f14a058ed1c5e6ac12de37c2.png",
      "artwork": "https://sb-cdn.fantasyflightgames.com/card_art/1ea0266ea42691778e8ecff6a5b50e45.jpg",
      "ffg": 413,
      "hyperspace": false
    },
    {
      "name": "Lieutenant Tavson",
      "caption": "Obedient Shuttle Pilot",
      "initiative": 3,
      "limited": 1,
      "cost": 64,
      "xws": "lieutenanttavson",
      "ability": "After you suffer damage, you may spend 1 [Charge] to perform an action.",
      "charges": { "value": 2, "recovers": 1 },
      "shipAbility": {
        "name": "Linked Battery",
        "text": "While you perform a [Cannon] attack, roll 1 additional die."
      },
      "slots": [
        "Sensor",
        "Cannon",
        "Crew",
        "Crew",
        "Crew",
        "Modification",
        "Tech",
        "Tech"
      ],
      "image": "https://sb-cdn.fantasyflightgames.com/card_images/en/20fbf3ed79c50d2082cdb44caac26064.png",
      "artwork": "https://sb-cdn.fantasyflightgames.com/card_art/151154b50732a6dd42b411fc312137b9.jpg",
      "ffg": 411,
      "hyperspace": false
    },
    {
      "name": "Captain Cardinal",
      "caption": "Principled Instructor",
      "initiative": 4,
      "limited": 1,
      "cost": 62,
      "xws": "captaincardinal",
      "ability": "While a friendly ship at range 1-2 with lower initiative than you defends or performs an attack, if you have at least 1 [Charge], that ship may reroll 1 [Focus] result. After an enemy ship at range 0-3 is destroyed, lose 1 [Charge].",
      "shipAbility": {
        "name": "Linked Battery",
        "text": "While you perform a [Cannon] attack, roll 1 additional die."
      },
      "charges": { "value": 2, "recovers": 0 },
      "slots": [
        "Sensor",
        "Cannon",
        "Crew",
        "Crew",
        "Crew",
        "Modification",
        "Tech",
        "Tech"
      ],
      "image": "https://sb-cdn.fantasyflightgames.com/card_images/en/be29a69f75726ad48f607eecca671e01.png",
      "artwork": "https://sb-cdn.fantasyflightgames.com/card_art/a88822cc408323e561efd9e2acb83f2a.jpg",
      "ffg": 457,
      "hyperspace": false
    }
  ]
}
