[
  {
    "name": "Rebel Alliance",
    "xws": "rebelalliance",
    "ffg": 1,
    "icon": "https://sb-cdn.fantasyflightgames.com/factions/Rebel.png"
  },
  {
    "name": "Galactic Empire",
    "xws": "galacticempire",
    "ffg": 2,
    "icon": "https://sb-cdn.fantasyflightgames.com/factions/Imperial.png"
  },
  {
    "name": "Scum and Villainy",
    "xws": "scumandvillainy",
    "ffg": 3,
    "icon": "https://sb-cdn.fantasyflightgames.com/factions/Scum.png"
  },
  {
    "name": "Resistance",
    "xws": "resistance",
    "ffg": 4,
    "icon": "https://sb-cdn.fantasyflightgames.com/factions/ResistanceIcon.png"
  },
  {
    "name": "First Order",
    "xws": "firstorder",
    "ffg": 5,
    "icon": "https://sb-cdn.fantasyflightgames.com/factions/FirstOrderIcon.png"
  },
  {
    "name": "Galactic Republic",
    "xws": "galacticrepublic",
    "ffg": 6,
    "icon": "https://sb-cdn.fantasyflightgames.com/factions/RepublicIcon.png"
  },
  {
    "name": "Separatist Alliance",
    "xws": "separatistalliance",
    "ffg": 7,
    "icon": "https://sb-cdn.fantasyflightgames.com/factions/SeparatistIcon.png"
  }
]
