{
  "name": "RZ-1 A-wing",
  "xws": "rz1awing",
  "ffg": 35,
  "size": "Small",
  "dial": [
    "1TW",
    "1YW",
    "2TB",
    "2BB",
    "2FB",
    "2NB",
    "2YB",
    "3LR",
    "3TW",
    "3BW",
    "3FB",
    "3NW",
    "3YW",
    "3PR",
    "4FB",
    "5FB",
    "5KR"
  ],
  "dialCodes": ["AW"],
  "faction": "Rebel Alliance",
  "stats": [
    { "arc": "Front Arc", "type": "attack", "value": 2 },
    { "type": "agility", "value": 3 },
    { "type": "hull", "value": 2 },
    { "type": "shields", "value": 2 }
  ],
  "actions": [
    { "difficulty": "White", "type": "Focus" },
    { "difficulty": "White", "type": "Evade" },
    { "difficulty": "White", "type": "Lock" },
    { "difficulty": "White", "type": "Barrel Roll" },
    { "difficulty": "White", "type": "Boost" }
  ],
  "icon": "https://sb-cdn.fantasyflightgames.com/ship_types/I_A-wing.png",
  "pilots": [
    {
      "name": "Arvel Crynyd",
      "caption": "Green Leader",
      "initiative": 3,
      "limited": 1,
      "cost": 34,
      "xws": "arvelcrynyd",
      "ability": "You can perform primary attacks at range 0. If you would fail a [Boost] action by overlapping another ship, resolve it as though you were partially executing a maneuver instead.",
      "image": "https://sb-cdn.fantasyflightgames.com/card_images/Card_Pilot_20.png",
      "shipAbility": {
        "name": "Vectored Thrusters",
        "text": "After you perform an action, you may perform a red [Boost] action."
      },
      "slots": ["Talent", "Talent", "Missile"],
      "artwork": "https://sb-cdn.fantasyflightgames.com/card_art/Card_art_XW_P_20.jpg",
      "ffg": 20,
      "hyperspace": true
    },
    {
      "name": "Green Squadron Pilot",
      "initiative": 3,
      "limited": 0,
      "cost": 32,
      "xws": "greensquadronpilot",
      "text": "Due to its sensitive controls and high maneuverability, only the most talented pilots belong in an A-wing cockpit.",
      "image": "https://sb-cdn.fantasyflightgames.com/card_images/Card_Pilot_21.png",
      "shipAbility": {
        "name": "Vectored Thrusters",
        "text": "After you perform an action, you may perform a red [Boost] action."
      },
      "slots": ["Talent", "Talent", "Missile"],
      "artwork": "https://sb-cdn.fantasyflightgames.com/card_art/Card_art_XW_P_21.jpg",
      "ffg": 21,
      "hyperspace": true
    },
    {
      "name": "Jake Farrell",
      "caption": "Sage Instructor",
      "initiative": 4,
      "limited": 1,
      "cost": 36,
      "xws": "jakefarrell",
      "ability": "After you perform a [Barrel Roll] or [Boost] action, you may choose a friendly ship at range 0-1. That ship may perform a [Focus] action.",
      "image": "https://sb-cdn.fantasyflightgames.com/card_images/Card_Pilot_19.png",
      "shipAbility": {
        "name": "Vectored Thrusters",
        "text": "After you perform an action, you may perform a red [Boost] action."
      },
      "slots": ["Talent", "Talent", "Missile"],
      "artwork": "https://sb-cdn.fantasyflightgames.com/card_art/Card_art_XW_P_19.jpg",
      "ffg": 19,
      "hyperspace": true
    },
    {
      "name": "Phoenix Squadron Pilot",
      "initiative": 1,
      "limited": 0,
      "cost": 29,
      "xws": "phoenixsquadronpilot",
      "text": "Led by Commander Jun Sato, the brave but inexperienced pilots of Phoenix Squadron face staggering odds in their battle against the Galactic Empire.",
      "image": "https://sb-cdn.fantasyflightgames.com/card_images/Card_Pilot_22.png",
      "shipAbility": {
        "name": "Vectored Thrusters",
        "text": "After you perform an action, you may perform a red [Boost] action."
      },
      "slots": ["Talent", "Missile"],
      "artwork": "https://sb-cdn.fantasyflightgames.com/card_art/Card_art_XW_P_22.jpg",
      "ffg": 22,
      "hyperspace": true
    }
  ]
}
