{
  "quick-builds": [
    {
      "threat": 3,
      "pilots": [
        {
          "id": "oddball-arc170starfighter",
          "upgrades": {
            "talent": ["elusive"],
            "gunner": ["clonecommandercody"],
            "crew": ["seasonednavigator"],
            "modification": ["afterburners"]
          }
        }
      ]
    },
    {
      "threat": 3,
      "pilots": [
        {
          "id": "jag",
          "upgrades": {
            "talent": ["predator"],
            "torpedo": ["iontorpedoes"],
            "astromech": ["r2astromech"],
            "gunner": ["seventhfleetgunner"],
            "modification": ["shieldupgrade"]
          }
        }
      ]
    },
    {
      "threat": 3,
      "pilots": [
        {
          "id": "squadsevenveteran",
          "upgrades": {
            "talent": ["experthandling"],
            "torpedo": ["protontorpedoes"],
            "astromech": ["r4pastromech"],
            "crew": ["novicetechnician"],
            "gunner": ["seventhfleetgunner"]
          }
        }
      ]
    },
    {
      "threat": 3,
      "pilots": [
        {
          "id": "wolffe",
          "upgrades": {
            "talent": ["outmaneuver"],
            "astromech": ["r4p44"],
            "gunner": ["veterantailgunner"],
            "crew": ["perceptivecopilot"]
          }
        }
      ]
    },
    {
      "threat": 2,
      "pilots": [
        {
          "id": "sinker",
          "upgrades": {
            "talent": ["experthandling"]
          }
        }
      ]
    },
    {
      "threat": 2,
      "pilots": [
        {
          "id": "104thbattalionpilot",
          "upgrades": {
            "talent": ["dedicated"],
            "astromech": ["r4pastromech"]
          }
        }
      ]
    },
    {
      "threat": 3,
      "pilots": [
        {
          "id": "anakinskywalker",
          "upgrades": {
            "force-power": ["supernaturalreflexes"],
            "configuration": ["calibratedlasertargeting"]
          }
        }
      ]
    },
    {
      "threat": 2,
      "pilots": [
        {
          "id": "ahsokatano",
          "upgrades": {
            "force-power": ["battlemeditation"],
            "astromech": ["r4pastromech"]
          }
        }
      ]
    },
    {
      "threat": 2,
      "pilots": [
        {
          "id": "jediknight",
          "upgrades": {
            "configuration": ["delta7b"]
          }
        }
      ]
    },
    {
      "threat": 3,
      "pilots": [
        {
          "id": "luminaraunduli",
          "upgrades": {
            "force-power": ["brilliantevasion"],
            "astromech": ["r4pastromech"],
            "configuration": ["delta7b"],
            "modification": ["shieldupgrade"]
          }
        }
      ]
    },
    {
      "threat": 2,
      "pilots": [
        {
          "id": "barrissoffee",
          "upgrades": {
            "force-power": ["sense"],
            "astromech": ["r2astromech"]
          }
        }
      ]
    },
    {
      "threat": 3,
      "pilots": [
        {
          "id": "obiwankenobi",
          "upgrades": {
            "force-power": ["predictiveshot"],
            "astromech": ["r4p17"],
            "modification": ["sparepartscanisters"],
            "configuration": ["calibratedlasertargeting"]
          }
        }
      ]
    },
    {
      "threat": 3,
      "pilots": [
        {
          "id": "saeseetiin",
          "upgrades": {
            "force-power": ["supernaturalreflexes"],
            "astromech": ["r4pastromech"],
            "configuration": ["delta7b"]
          }
        }
      ]
    },
    {
      "threat": 4,
      "pilots": [
        {
          "id": "macewindu",
          "upgrades": {
            "force-power": ["supernaturalreflexes"],
            "astromech": ["r2astromech"],
            "configuration": ["delta7b"],
            "modification": ["afterburners", "shieldupgrade"]
          }
        }
      ]
    },
    {
      "threat": 3,
      "pilots": [
        {
          "id": "plokoon",
          "upgrades": {
            "force-power": ["battlemeditation", "sense"],
            "astromech": ["r4pastromech"],
            "modification": ["shieldupgrade"]
          }
        }
      ]
    },
    {
      "threat": 2,
      "pilots": [
        {
          "id": "tucker",
          "upgrades": {
            "missile": ["concussionmissiles"],
            "modification": ["munitionsfailsafe"]
          }
        }
      ]
    },
    {
      "threat": 2,
      "pilots": [
        {
          "id": "goldsquadrontrooper",
          "upgrades": {
            "missile": ["clustermissiles"],
            "modification": ["afterburners"]
          }
        }
      ]
    },
    {
      "threat": 2,
      "pilots": [
        {
          "id": "swoop",
          "upgrades": {
            "talent": ["composure"],
            "missile": ["protonrockets"],
            "modification": ["synchronizedconsole"]
          }
        }
      ]
    },
    {
      "threat": 2,
      "pilots": [
        {
          "id": "bluesquadronprotector",
          "upgrades": {
            "talent": ["dedicated"],
            "modification": ["synchronizedconsole"]
          }
        }
      ]
    },
    {
      "threat": 3,
      "pilots": [
        {
          "id": "oddball",
          "upgrades": {
            "talent": ["saturationsalvo"],
            "missile": ["clustermissiles"],
            "modification": ["afterburners", "munitionsfailsafe"]
          }
        }
      ]
    },
    {
      "threat": 2,
      "pilots": [
        {
          "id": "kickback",
          "upgrades": {
            "talent": ["crackshot"],
            "modification": ["synchronizedconsole"]
          }
        }
      ]
    },
    {
      "threat": 2,
      "pilots": [
        {
          "id": "axe",
          "upgrades": {
            "talent": ["juke"],
            "missile": ["homingmissiles"]
          }
        }
      ]
    },
    {
      "threat": 3,
      "pilots": [
        {
          "id": "anakinskywalker-nabooroyaln1starfighter",
          "upgrades": {
            "talent": ["outmaneuver"],
            "sensor": ["collisiondetector"],
            "force-power": ["heightenedperception"],
            "torpedo": ["protontorpedoes"],
            "astromech": ["r2astromech"]
          }
        }
      ]
    },
    {
      "threat": 2,
      "pilots": [
        {
          "id": "ricolie",
          "upgrades": {
            "talent": ["daredevil"],
            "astromech": ["r2a6"]
          }
        }
      ]
    },
    {
      "threat": 2,
      "pilots": [
        {
          "id": "padmeamidala",
          "upgrades": {
            "talent": ["elusive"],
            "sensor": ["collisiondetector"]
          }
        }
      ]
    },
    {
      "threat": 2,
      "pilots": [
        {
          "id": "dineeellberger",
          "upgrades": {
            "sensor": ["passivesensors"],
            "torpedo": ["plasmatorpedoes"],
            "astromech": ["r3astromech"]
          }
        }
      ]
    },
    {
      "threat": 2,
      "pilots": [
        {
          "id": "bravoflightofficer",
          "upgrades": {
            "sensor": ["passivesensors"],
            "torpedo": ["protontorpedoes"],
            "astromech": ["r2c4"]
          }
        }
      ]
    },
    {
      "threat": 2,
      "pilots": [
        {
          "id": "naboohandmaiden",
          "upgrades": {
            "torpedo": ["plasmatorpedoes"],
            "astromech": ["r5astromech"]
          }
        }
      ]
    },
    {
      "threat": 3,
      "pilots": [
        {
          "id": "shadowsquadronveteran",
          "upgrades": {
            "talent": ["snapshot"],
            "device": ["protonbombs"],
            "cannon": ["ioncannon"],
            "astromech": ["r5astromech"]
          }
        }
      ]
    },
    {
      "threat": 4,
      "pilots": [
        {
          "id": "anakinskywalker-btlbywing",
          "upgrades": {
            "gunner": ["ahsokatano"],
            "cannon": ["ioncannon"],
            "device": ["protonbombs"],
            "force-power": ["precognitivereflexes"],
            "torpedo": ["protontorpedoes"],
            "astromech": ["r2astromech"]
          }
        }
      ]
    },
    {
      "threat": 2,
      "pilots": [
        {
          "id": "r2d2",
          "upgrades": {
            "crew": ["c3po-republic"],
            "cannon": ["ioncannon"],
            "device": ["protonbombs"]
          }
        }
      ]
    },
    {
      "threat": 3,
      "pilots": [
        {
          "id": "oddball-btlbywing",
          "upgrades": {
            "talent": ["predator"],
            "cannon": ["ioncannon"],
            "modification": ["hullupgrade"],
            "torpedo": ["protontorpedoes"],
            "astromech": ["r3astromech"]
          }
        }
      ]
    },
    {
      "threat": 3,
      "pilots": [
        {
          "id": "matchstick",
          "upgrades": {
            "talent": ["elusive"],
            "device": ["protonbombs"],
            "cannon": ["ioncannon"],
            "modification": ["delayedfuses", "shieldupgrade"],
            "astromech": ["r2astromech"]
          }
        }
      ]
    },
    {
      "threat": 2,
      "pilots": [
        {
          "id": "broadside",
          "upgrades": {
            "talent": ["snapshot"],
            "modification": ["hullupgrade"],
            "cannon": ["ioncannon"],
            "astromech": ["r5astromech"]
          }
        }
      ]
    },
    {
      "threat": 2,
      "pilots": [
        {
          "id": "goji",
          "upgrades": {
            "modification": ["afterburners"],
            "device": ["electroprotonbomb"]
          }
        }
      ]
    },
    {
      "threat": 2,
      "pilots": [
        {
          "id": "redsquadronbomber",
          "upgrades": {
            "device": ["protonbombs"],
            "cannon": ["ioncannon"],
            "modification": ["delayedfuses"],
            "astromech": ["r2astromech"]
          }
        }
      ]
    }
  ]
}
