{
  "quick-builds": [
    {
      "threat": 3,
      "pilots": [
        {
          "id": "lukeskywalker",
          "upgrades": {
            "force-power": ["instinctiveaim"],
            "torpedo": ["protontorpedoes"],
            "astromech": ["r2d2"],
            "configuration": ["servomotorsfoils"]
          }
        }
      ]
    },
    {
      "threat": 2,
      "pilots": [
        {
          "id": "redsquadronveteran",
          "upgrades": {
            "talent": ["predator"],
            "astromech": ["r5astromech"],
            "configuration": ["servomotorsfoils"]
          }
        }
      ]
    },
    {
      "threat": 3,
      "pilots": [
        {
          "id": "jekporkins",
          "upgrades": {
            "talent": ["outmaneuver"],
            "modification": ["afterburners", "hullupgrade"],
            "astromech": ["r5d8"],
            "configuration": ["servomotorsfoils"]
          }
        }
      ]
    },
    {
      "threat": 2,
      "pilots": [
        {
          "id": "bluesquadronescort",
          "upgrades": {
            "torpedo": ["protontorpedoes"],
            "astromech": ["r3astromech"],
            "configuration": ["servomotorsfoils"]
          }
        }
      ]
    },
    {
      "threat": 3,
      "pilots": [
        {
          "id": "wedgeantilles",
          "upgrades": {
            "talent": ["outmaneuver"],
            "torpedo": ["protontorpedoes"],
            "modification": ["shieldupgrade"],
            "astromech": ["r4astromech"],
            "configuration": ["servomotorsfoils"]
          }
        }
      ]
    },
    {
      "threat": 2,
      "pilots": [
        {
          "id": "biggsdarklighter",
          "upgrades": {
            "talent": ["selfless"],
            "configuration": ["servomotorsfoils"]
          }
        }
      ]
    },
    {
      "threat": 3,
      "pilots": [
        {
          "id": "thanekyrell",
          "upgrades": {
            "talent": ["elusive"],
            "torpedo": ["iontorpedoes"],
            "modification": ["afterburners", "hullupgrade"],
            "astromech": ["r2astromech"],
            "configuration": ["servomotorsfoils"]
          }
        }
      ]
    },
    {
      "threat": 2,
      "pilots": [
        {
          "id": "thanekyrell",
          "upgrades": {
            "talent": ["outmaneuver"],
            "modification": ["stealthdevice"],
            "configuration": ["servomotorsfoils"]
          }
        }
      ]
    },
    {
      "threat": 2,
      "pilots": [
        {
          "id": "garvendreis-t65xwing",
          "upgrades": {
            "configuration": ["servomotorsfoils"]
          }
        }
      ]
    },
    {
      "threat": 3,
      "pilots": [
        {
          "id": "norrawexley-btla4ywing",
          "upgrades": {
            "talent": ["experthandling"],
            "turret": ["ioncannonturret"],
            "astromech": ["r3astromech"],
            "gunner": ["veteranturretgunner"]
          }
        }
      ]
    },
    {
      "threat": 2,
      "pilots": [
        {
          "id": "evaanverlaine",
          "upgrades": {
            "talent": ["experthandling"],
            "turret": ["ioncannonturret"]
          }
        }
      ]
    },
    {
      "threat": 2,
      "pilots": [
        {
          "id": "goldsquadronveteran",
          "upgrades": {
            "talent": ["experthandling"],
            "torpedo": ["protontorpedoes"],
            "astromech": ["r3astromech"]
          }
        }
      ]
    },
    {
      "threat": 3,
      "pilots": [
        {
          "id": "hortonsalm",
          "upgrades": {
            "talent": ["outmaneuver"],
            "turret": ["ioncannonturret"],
            "astromech": ["r5astromech"],
            "gunner": ["veteranturretgunner"]
          }
        }
      ]
    },
    {
      "threat": 2,
      "pilots": [
        {
          "id": "dutchvander",
          "upgrades": {
            "torpedo": ["protontorpedoes"],
            "astromech": ["r3astromech"]
          }
        }
      ]
    },
    {
      "threat": 2,
      "pilots": [
        {
          "id": "graysquadronbomber",
          "upgrades": {
            "turret": ["ioncannonturret"],
            "device": ["protonbombs"],
            "astromech": ["r5astromech"]
          }
        }
      ]
    },
    {
      "threat": 3,
      "pilots": [
        {
          "id": "esegetuketu",
          "upgrades": {
            "sensor": ["trajectorysimulator"],
            "missile": ["ionmissiles"],
            "device": ["protonbombs", "connernets"],
            "modification": ["advancedslam"],
            "crew": ["perceptivecopilot"]
          }
        }
      ]
    },
    {
      "threat": 2,
      "pilots": [
        {
          "id": "mirandadoni",
          "upgrades": {
            "device": ["protonbombs"],
            "modification": ["advancedslam"]
          }
        }
      ]
    },
    {
      "threat": 2,
      "pilots": [
        {
          "id": "wardensquadronpilot",
          "upgrades": {
            "missile": ["barragerockets"],
            "device": ["bombletgenerator"]
          }
        }
      ]
    },
    {
      "threat": 3,
      "pilots": [
        {
          "id": "bladesquadronveteran",
          "upgrades": {
            "talent": ["snapshot"],
            "torpedo": ["protontorpedoes"],
            "cannon": ["autoblasters"],
            "modification": ["angleddeflectors"],
            "configuration": ["stabilizedsfoils"]
          }
        }
      ]
    },
    {
      "threat": 2,
      "pilots": [
        {
          "id": "bladesquadronveteran",
          "upgrades": {
            "talent": ["elusive"],
            "cannon": ["tractorbeam"]
          }
        }
      ]
    },
    {
      "threat": 2,
      "pilots": [
        {
          "id": "bladesquadronveteran",
          "upgrades": {
            "talent": ["predator"],
            "cannon": ["ioncannon"],
            "cannon": ["jammingbeam"]
          }
        }
      ]
    },
    {
      "threat": 2,
      "pilots": [
        {
          "id": "bluesquadronpilot",
          "upgrades": {
            "sensor": ["advancedsensors"]
          }
        }
      ]
    },
    {
      "threat": 2,
      "pilots": [
        {
          "id": "bluesquadronpilot",
          "upgrades": {
            "sensor": ["firecontrolsystem"],
            "torpedo": ["advprotontorpedoes"]
          }
        }
      ]
    },
    {
      "threat": 2,
      "pilots": [
        {
          "id": "bluesquadronpilot",
          "upgrades": {
            "sensor": ["passivesensors"],
            "torpedo": ["plasmatorpedoes"],
            "configuration": ["stabilizedsfoils"]
          }
        }
      ]
    },
    {
      "threat": 2,
      "pilots": [
        {
          "id": "braylenstramm",
          "upgrades": {
            "talent": ["trickshot"],
            "cannon": ["jammingbeam"]
          }
        }
      ]
    },
    {
      "threat": 3,
      "pilots": [
        {
          "id": "braylenstramm",
          "upgrades": {
            "talent": ["squadleader"],
            "cannon": ["jammingbeam"],
            "cannon": ["heavylasercannon"],
            "modification": ["electronicbaffle"]
          }
        }
      ]
    },
    {
      "threat": 3,
      "pilots": [
        {
          "id": "tennumb",
          "upgrades": {
            "talent": ["squadleader"],
            "sensor": ["advancedsensors"],
            "cannon": ["heavylasercannon"],
            "modification": ["shieldupgrade"]
          }
        }
      ]
    },
    {
      "threat": 2,
      "pilots": [
        {
          "id": "tennumb",
          "upgrades": {
            "talent": ["elusive"],
            "modification": ["electronicbaffle"]
          }
        }
      ]
    },
    {
      "threat": 3,
      "pilots": [
        {
          "id": "norrawexley",
          "upgrades": {
            "talent": ["experthandling"],
            "crew": ["seasonednavigator"],
            "gunner": ["veterantailgunner"],
            "astromech": ["r3astromech"],
            "modification": ["ablativeplating", "hullupgrade"]
          }
        }
      ]
    },
    {
      "threat": 3,
      "pilots": [
        {
          "id": "garvendreis",
          "upgrades": {
            "talent": ["experthandling"],
            "torpedo": ["protontorpedoes"],
            "crew": ["perceptivecopilot"],
            "gunner": ["veterantailgunner"]
          }
        }
      ]
    },
    {
      "threat": 3,
      "pilots": [
        {
          "id": "sharabey",
          "upgrades": {
            "talent": ["experthandling"],
            "torpedo": ["protontorpedoes"],
            "crew": ["perceptivecopilot"],
            "astromech": ["r3astromech"]
          }
        }
      ]
    },
    {
      "threat": 2,
      "pilots": [
        {
          "id": "ibtisam",
          "upgrades": {
            "talent": ["elusive"]
          }
        }
      ]
    },
    {
      "threat": 3,
      "pilots": [
        {
          "id": "wullffwarro",
          "upgrades": {
            "talent": ["selfless"],
            "crew": ["gnkgonkdroid", "novicetechnician"],
            "modification": ["hullupgrade"]
          }
        }
      ]
    },
    {
      "threat": 2,
      "pilots": [
        {
          "id": "lowhhrick"
        }
      ]
    },
    {
      "threat": 2,
      "pilots": [
        {
          "id": "kashyyykdefender",
          "upgrades": {
            "crew": ["novicetechnician"]
          }
        }
      ]
    },
    {
      "threat": 4,
      "pilots": [
        {
          "id": "corranhorn",
          "upgrades": {
            "talent": ["outmaneuver"],
            "torpedo": ["protontorpedoes"],
            "sensor": ["firecontrolsystem"],
            "modification": ["afterburners"],
            "astromech": ["r2astromech"]
          }
        }
      ]
    },
    {
      "threat": 3,
      "pilots": [
        {
          "id": "roguesquadronescort",
          "upgrades": {
            "talent": ["predator"],
            "torpedo": ["protontorpedoes"],
            "sensor": ["collisiondetector"],
            "astromech": ["r3astromech"]
          }
        }
      ]
    },
    {
      "threat": 3,
      "pilots": [
        {
          "id": "gavindarklighter",
          "upgrades": {
            "talent": ["crackshot"],
            "torpedo": ["iontorpedoes"],
            "sensor": ["firecontrolsystem"],
            "astromech": ["r4astromech"]
          }
        }
      ]
    },
    {
      "threat": 2,
      "pilots": [
        {
          "id": "knavesquadronescort"
        }
      ]
    },
    {
      "threat": 3,
      "pilots": [
        {
          "id": "janors",
          "upgrades": {
            "talent": ["trickshot"],
            "crew": ["perceptivecopilot"],
            "device": ["seismiccharges"],
            "illicit": ["cloakingdevice"],
            "modification": ["engineupgrade"],
            "title": ["moldycrow"]
          }
        }
      ]
    },
    {
      "threat": 2,
      "pilots": [
        {
          "id": "roarkgarnet",
          "upgrades": {
            "talent": ["elusive"],
            "device": ["seismiccharges"],
            "modification": ["hullupgrade", "shieldupgrade"]
          }
        }
      ]
    },
    {
      "threat": 2,
      "pilots": [
        {
          "id": "kylekatarn",
          "upgrades": {
            "title": ["moldycrow"]
          }
        }
      ]
    },
    {
      "threat": 2,
      "pilots": [
        {
          "id": "rebelscout",
          "upgrades": {
            "crew": ["sabinewren"],
            "device": ["seismiccharges", "protonbombs"],
            "modification": ["engineupgrade"]
          }
        }
      ]
    },
    {
      "threat": 2,
      "pilots": [
        {
          "id": "arvelcrynyd",
          "upgrades": {
            "missile": ["protonrockets"],
            "talent": ["intimidation"],
            "modification": ["hullupgrade"]
          }
        }
      ]
    },
    {
      "threat": 2,
      "pilots": [
        {
          "id": "greensquadronpilot",
          "upgrades": {
            "missile": ["concussionmissiles"],
            "talent": ["daredevil"],
            "modification": ["shieldupgrade"]
          }
        }
      ]
    },
    {
      "threat": 2,
      "pilots": [
        {
          "id": "jakefarrell",
          "upgrades": {
            "talent": ["outmaneuver"],
            "missile": ["clustermissiles"]
          }
        }
      ]
    },
    {
      "threat": 3,
      "pilots": [
        {
          "id": "phoenixsquadronpilot",
          "upgrades": {
            "missile": ["protonrockets"]
          }
        },
        {
          "id": "phoenixsquadronpilot",
          "upgrades": {
            "missile": ["protonrockets"]
          }
        }
      ]
    },
    {
      "threat": 3,
      "pilots": [
        {
          "id": "fennrau-sheathipedeclassshuttle",
          "upgrades": {
            "talent": ["outmaneuver"],
            "crew": ["seasonednavigator"],
            "astromech": ["r4astromech"],
            "title": ["phantom"],
            "modification": ["stealthdevice"]
          }
        }
      ]
    },
    {
      "threat": 2,
      "pilots": [
        {
          "id": "ezrabridger-sheathipedeclassshuttle",
          "upgrades": {
            "force-power": ["heightenedperception"],
            "astromech": ["chopper"],
            "title": ["phantom"],
            "modification": ["afterburners"]
          }
        }
      ]
    },
    {
      "threat": 2,
      "pilots": [
        {
          "id": "captainrex",
          "upgrades": {
            "talent": ["elusive", "juke"],
            "modification": ["stealthdevice"]
          }
        }
      ]
    },
    {
      "threat": 2,
      "pilots": [
        {
          "id": "sabinewren-tielnfighter",
          "upgrades": {
            "talent": ["outmaneuver"],
            "device": ["connernets"],
            "modification": ["hullupgrade"]
          }
        }
      ]
    },
    {
      "threat": 1,
      "pilots": [
        {
          "id": "zeborrelios-tielnfighter"
        }
      ]
    },
    {
      "threat": 2,
      "pilots": [
        {
          "id": "ezrabridger-tielnfighter",
          "upgrades": {
            "force-power": ["supernaturalreflexes"],
            "crew": ["zeborrelios"],
            "modification": ["hullupgrade"]
          }
        }
      ]
    },
    {
      "threat": 3,
      "pilots": [
        {
          "id": "cassianandor",
          "upgrades": {
            "sensor": ["firecontrolsystem"],
            "crew": ["jynerso", "bazemalbus"],
            "configuration": ["pivotwing"]
          }
        }
      ]
    },
    {
      "threat": 2,
      "pilots": [
        {
          "id": "bodhirook",
          "upgrades": {
            "crew": ["cassianandor"],
            "configuration": ["pivotwing"]
          }
        }
      ]
    },
    {
      "threat": 3,
      "pilots": [
        {
          "id": "hefftobber",
          "upgrades": {
            "sensor": ["firecontrolsystem"],
            "crew": ["perceptivecopilot"],
            "gunner": ["bistan"],
            "turret": ["ioncannonturret"],
            "configuration": ["pivotwing"]
          }
        }
      ]
    },
    {
      "threat": 2,
      "pilots": [
        {
          "id": "bluesquadronscout",
          "upgrades": {
            "sensor": ["advancedsensors"],
            "crew": ["tacticalofficer"],
            "configuration": ["pivotwing"]
          }
        }
      ]
    },
    {
      "threat": 4,
      "pilots": [
        {
          "id": "hansolo-modifiedyt1300lightfreighter",
          "upgrades": {
            "talent": ["lonewolf"],
            "crew": ["chewbacca"],
            "title": ["millenniumfalcon"]
          }
        }
      ]
    },
    {
      "threat": 6,
      "pilots": [
        {
          "id": "chewbacca",
          "upgrades": {
            "talent": ["predator"],
            "crew": ["leiaorgana", "c3po-crew", "r2d2-crew"],
            "gunner": ["hansolo", "lukeskywalker"],
            "modification": ["engineupgrade"],
            "title": ["millenniumfalcon"]
          }
        }
      ]
    },
    {
      "threat": 5,
      "pilots": [
        {
          "id": "landocalrissian-modifiedyt1300lightfreighter",
          "upgrades": {
            "talent": ["swarmtactics"],
            "missile": ["concussionmissiles"],
            "crew": ["niennunb"],
            "modification": ["engineupgrade"],
            "title": ["millenniumfalcon"]
          }
        }
      ]
    },
    {
      "threat": 4,
      "pilots": [
        {
          "id": "outerrimsmuggler",
          "upgrades": {
            "missile": ["homingmissiles"],
            "crew": ["novicetechnician"],
            "gunner": ["veteranturretgunner"],
            "modification": ["staticdischargevanes"],
            "illicit": ["feedbackarray"]
          }
        }
      ]
    },
    {
      "threat": 3,
      "pilots": [
        {
          "id": "outerrimsmuggler",
          "upgrades": {
            "missile": ["homingmissiles"],
            "modification": ["shieldupgrade"]
          }
        }
      ]
    },
    {
      "threat": 1,
      "pilots": [
        {
          "id": "talasquadronpilot",
          "upgrades": {
            "talent": ["selfless"]
          }
        }
      ]
    },
    {
      "threat": 2,
      "pilots": [
        {
          "id": "airencracken",
          "upgrades": {
            "missile": ["clustermissiles"],
            "talent": ["swarmtactics"],
            "modification": ["hullupgrade"]
          }
        }
      ]
    },
    {
      "threat": 1,
      "pilots": [
        {
          "id": "banditsquadronpilot"
        }
      ]
    },
    {
      "threat": 2,
      "pilots": [
        {
          "id": "lieutenantblount",
          "upgrades": {
            "missile": ["protonrockets"],
            "talent": ["outmaneuver"],
            "modification": ["shieldupgrade"]
          }
        }
      ]
    },
    {
      "threat": 2,
      "pilots": [
        {
          "id": "herasyndulla",
          "upgrades": {
            "talent": ["elusive"],
            "turret": ["ioncannonturret"],
            "title": ["phantom"]
          }
        }
      ]
    },
    {
      "threat": 2,
      "pilots": [
        {
          "id": "sabinewren",
          "upgrades": {
            "talent": ["outmaneuver"],
            "turret": ["dorsalturret"],
            "title": ["phantom"]
          }
        }
      ]
    },
    {
      "threat": 5,
      "pilots": [
        {
          "id": "dashrendar",
          "upgrades": {
            "talent": ["experthandling", "trickshot"],
            "illicit": ["riggedcargochute"],
            "crew": ["perceptivecopilot"],
            "title": ["outrider"]
          }
        }
      ]
    },
    {
      "threat": 4,
      "pilots": [
        {
          "id": "leebo",
          "upgrades": {
            "illicit": ["inertialdampeners"],
            "title": ["outrider"]
          }
        }
      ]
    },
    {
      "threat": 4,
      "pilots": [
        {
          "id": "wildspacefringer",
          "upgrades": {
            "missile": ["concussionmissiles"],
            "gunner": ["veteranturretgunner"],
            "illicit": ["contrabandcybernetics"]
          }
        }
      ]
    },
    {
      "threat": 3,
      "pilots": [
        {
          "id": "magvayarro",
          "upgrades": {
            "talent": ["elusive"],
            "sensor": ["advancedsensors"],
            "crew": ["sawgerrera"],
            "modification": ["shieldupgrade"],
            "configuration": ["pivotwing"]
          }
        }
      ]
    },
    {
      "threat": 2,
      "pilots": [
        {
          "id": "sawgerrera",
          "upgrades": {
            "crew": ["magvayarro"],
            "configuration": ["pivotwing"]
          }
        }
      ]
    },
    {
      "threat": 2,
      "pilots": [
        {
          "id": "benthictwotubes",
          "upgrades": {
            "sensor": ["advancedsensors"],
            "configuration": ["pivotwing"]
          }
        }
      ]
    },
    {
      "threat": 2,
      "pilots": [
        {
          "id": "partisanrenegade",
          "upgrades": {
            "sensor": ["advancedsensors"],
            "illicit": ["deadmansswitch"],
            "configuration": ["pivotwing"]
          }
        }
      ]
    },
    {
      "threat": 3,
      "pilots": [
        {
          "id": "partisanrenegade",
          "upgrades": {
            "crew": ["magvayarro", "sawgerrera"],
            "illicit": ["deadmansswitch"],
            "configuration": ["pivotwing"]
          }
        }
      ]
    },
    {
      "threat": 3,
      "pilots": [
        {
          "id": "kullbeesperado",
          "upgrades": {
            "talent": ["outmaneuver"],
            "astromech": ["r2astromech"],
            "illicit": ["deadmansswitch"],
            "modification": ["afterburners", "hullupgrade"],
            "configuration": ["servomotorsfoils"]
          }
        }
      ]
    },
    {
      "threat": 2,
      "pilots": [
        {
          "id": "edriotwotubes",
          "upgrades": {
            "talent": ["trickshot"],
            "astromech": ["r4astromech"],
            "illicit": ["deadmansswitch"],
            "configuration": ["servomotorsfoils"]
          }
        }
      ]
    },
    {
      "threat": 3,
      "pilots": [
        {
          "id": "leevantenza",
          "upgrades": {
            "talent": ["elusive"],
            "astromech": ["r2astromech"],
            "illicit": ["deadmansswitch"],
            "modification": ["afterburners", "shieldupgrade"],
            "configuration": ["servomotorsfoils"]
          }
        }
      ]
    },
    {
      "threat": 2,
      "pilots": [
        {
          "id": "cavernangelszealot",
          "upgrades": {
            "astromech": ["r2astromech"],
            "illicit": ["deadmansswitch"],
            "configuration": ["servomotorsfoils"]
          }
        }
      ]
    },
    {
      "threat": 6,
      "pilots": [
        {
          "id": "kananjarrus",
          "upgrades": {
            "crew": ["chopper-crew", "herasyndulla"],
            "gunner": ["ezrabridger"],
            "turret": ["ioncannonturret"],
            "title": ["ghost"]
          }
        },
        {
          "id": "zeborrelios",
          "upgrades": {
            "title": ["phantom"]
          }
        }
      ]
    },
    {
      "threat": 6,
      "pilots": [
        {
          "id": "herasyndulla-vcx100lightfreighter",
          "upgrades": {
            "talent": ["elusive"],
            "crew": ["kananjarrus"],
            "turret": ["dorsalturret"],
            "title": ["ghost"]
          }
        },
        {
          "id": "ezrabridger",
          "upgrades": {
            "force-power": ["supernaturalreflexes"],
            "turret": ["dorsalturret"],
            "title": ["phantom"]
          }
        }
      ]
    },
    {
      "threat": 6,
      "pilots": [
        {
          "id": "chopper",
          "upgrades": {
            "crew": ["zeborrelios"],
            "turret": ["ioncannonturret"],
            "title": ["ghost"]
          }
        },
        {
          "id": "ap5",
          "upgrades": {
            "astromech": ["r4astromech"],
            "title": ["phantom"]
          }
        }
      ]
    },
    {
      "threat": 4,
      "pilots": [
        {
          "id": "lothalrebel",
          "upgrades": {
            "crew": ["landocalrissian"],
            "turret": ["dorsalturret"],
            "title": ["ghost"]
          }
        },
        {
          "id": "zeborrelios-sheathipedeclassshuttle",
          "upgrades": {
            "astromech": ["r5astromech"],
            "title": ["phantom"]
          }
        }
      ]
    },
    {
      "threat": 3,
      "pilots": [
        {
          "id": "lothalrebel",
          "upgrades": {
            "sensor": ["passivesensors"],
            "torpedo": ["plasmatorpedoes"]
          }
        }
      ]
    },
    {
      "threat": 3,
      "pilots": [
        {
          "id": "ginamoonsong",
          "upgrades": {
            "talent": ["elusive"],
            "sensor": ["passivesensors"],
            "cannon": ["autoblasters"],
            "modification": ["afterburners"],
            "configuration": ["stabilizedsfoils"]
          }
        }
      ]
    },
    {
      "threat": 4,
      "pilots": [
        {
          "id": "alexsandrkallus",
          "upgrades": {
            "sensor": ["passivesensors"],
            "torpedo": ["protontorpedoes"],
            "title": ["ghost"],
            "crew": ["zeborrelios"],
            "modification": ["shieldupgrade"]
          }
        }
      ]
    },
    {
      "threat": 3,
      "pilots": [
        {
          "id": "k2so",
          "upgrades": {
            "talent": ["trickshot"],
            "sensor": ["passivesensors"],
            "modification": ["hullupgrade", "angleddeflectors"],
            "configuration": ["pivotwing"]
          }
        }
      ]
    },
    {
      "threat": 4,
      "pilots": [
        {
          "id": "leiaorgana",
          "upgrades": {
            "crew": ["landocalrissian", "chewbacca", "r2d2-crew"],
            "modification": ["engineupgrade"],
            "title": ["millenniumfalcon"]
          }
        }
      ]
    }
  ]
}
