{
  "quick-builds": [
    {
      "threat": 4,
      "pilots": [
        {
          "id": "poedameron",
          "upgrades": {
            "torpedo": ["protontorpedoes"],
            "astromech": ["bb8"],
            "configuration": ["integratedsfoils"],
            "modification": ["afterburners"],
            "title": ["blackone"]
          }
        }
      ]
    },
    {
      "threat": 3,
      "pilots": [
        {
          "id": "elloasty",
          "upgrades": {
            "talent": ["elusive"],
            "modification": ["afterburners"],
            "configuration": ["integratedsfoils"]
          }
        }
      ]
    },
    {
      "threat": 3,
      "pilots": [
        {
          "id": "niennunb",
          "upgrades": {
            "talent": ["elusive"],
            "modification": ["afterburners"],
            "configuration": ["integratedsfoils"]
          }
        }
      ]
    },
    {
      "threat": 3,
      "pilots": [
        {
          "id": "karekun",
          "upgrades": {
            "talent": ["predator"],
            "configuration": ["integratedsfoils"],
            "modification": ["afterburners"]
          }
        }
      ]
    },
    {
      "threat": 3,
      "pilots": [
        {
          "id": "temminwexley",
          "upgrades": {
            "talent": ["outmaneuver"],
            "configuration": ["integratedsfoils"],
            "torpedo": ["protontorpedoes"]
          }
        }
      ]
    },
    {
      "threat": 3,
      "pilots": [
        {
          "id": "jessikapava",
          "upgrades": {
            "astromech": ["r5astromech"],
            "configuration": ["integratedsfoils"],
            "modification": ["hullupgrade"]
          }
        }
      ]
    },
    {
      "threat": 3,
      "pilots": [
        {
          "id": "jophseastriker",
          "upgrades": {
            "astromech": ["r2astromech"],
            "configuration": ["integratedsfoils"],
            "modification": ["shieldupgrade"]
          }
        }
      ]
    },
    {
      "threat": 2,
      "pilots": [
        {
          "id": "redsquadronexpert"
        }
      ]
    },
    {
      "threat": 3,
      "pilots": [
        {
          "id": "lieutenantbastian",
          "upgrades": {
            "astromech": ["r3astromech"],
            "configuration": ["integratedsfoils"],
            "tech": ["targetingsynchronizer"],
            "torpedo": ["protontorpedoes"]
          }
        }
      ]
    },
    {
      "threat": 2,
      "pilots": [
        {
          "id": "bluesquadronrookie",
          "upgrades": {
            "astromech": ["bbastromech"]
          }
        }
      ]
    },
    {
      "threat": 2,
      "pilots": [
        {
          "id": "jaycristubbs"
        }
      ]
    },
    {
      "threat": 3,
      "pilots": [
        {
          "id": "blacksquadronace-t70xwing",
          "upgrades": {
            "torpedo": ["protontorpedoes"],
            "astromech": ["m9g8"],
            "configuration": ["integratedsfoils"]
          }
        }
      ]
    },
    {
      "threat": 2,
      "pilots": [
        {
          "id": "tallissanlintra",
          "upgrades": {
            "talent": ["predator"],
            "tech": ["ferrospherepaint"]
          }
        }
      ]
    },
    {
      "threat": 2,
      "pilots": [
        {
          "id": "lulolampar",
          "upgrades": {
            "tech": ["primedthrusters"],
            "missile": ["homingmissiles"]
          }
        }
      ]
    },
    {
      "threat": 2,
      "pilots": [
        {
          "id": "greersonnel",
          "upgrades": {
            "talent": ["elusive"],
            "modification": ["afterburners"]
          }
        }
      ]
    },
    {
      "threat": 2,
      "pilots": [
        {
          "id": "greersonnel",
          "upgrades": {
            "talent": ["marksmanship"],
            "tech": ["primedthrusters"]
          }
        }
      ]
    },
    {
      "threat": 2,
      "pilots": [
        {
          "id": "greensquadronexpert",
          "upgrades": {
            "talent": ["heroic"],
            "tech": ["primedthrusters"],
            "modification": ["hullupgrade"]
          }
        }
      ]
    },
    {
      "threat": 2,
      "pilots": [
        {
          "id": "zaribangel",
          "upgrades": {
            "talent": ["outmaneuver"],
            "missile": ["protonrockets"]
          }
        }
      ]
    },
    {
      "threat": 2,
      "pilots": [
        {
          "id": "bluesquadronrecruit",
          "upgrades": {
            "tech": ["primedthrusters"],
            "modification": ["shieldupgrade"],
            "missile": ["homingmissiles"]
          }
        }
      ]
    },
    {
      "threat": 2,
      "pilots": [
        {
          "id": "bluesquadronrecruit",
          "upgrades": {
            "tech": ["primedthrusters"],
            "talent": ["composure", "snapshot"]
          }
        }
      ]
    },
    {
      "threat": 3,
      "pilots": [
        {
          "id": "cobaltsquadronbomber",
          "upgrades": {
            "sensor": ["trajectorysimulator"],
            "modification": ["ablativeplating"],
            "device": ["protonbombs"]
          }
        }
      ]
    },
    {
      "threat": 3,
      "pilots": [
        {
          "id": "cobaltsquadronbomber",
          "upgrades": {
            "sensor": ["passivesensors"],
            "modification": ["hullupgrade"],
            "device": ["connernets"],
            "gunner": ["agilegunner"]
          }
        }
      ]
    },
    {
      "threat": 3,
      "pilots": [
        {
          "id": "cat",
          "upgrades": {
            "gunner": ["skilledbombardier"],
            "modification": ["electronicbaffle"],
            "device": ["connernets"]
          }
        }
      ]
    },
    {
      "threat": 4,
      "pilots": [
        {
          "id": "edonkappehl",
          "upgrades": {
            "tech": ["patternanalyzer"],
            "gunner": ["skilledbombardier"],
            "crew": ["seasonednavigator"],
            "device": ["protonbombs", "connernets"]
          }
        }
      ]
    },
    {
      "threat": 4,
      "pilots": [
        {
          "id": "vennie",
          "upgrades": {
            "tech": ["advancedoptics"],
            "gunner": ["finn"],
            "crew": ["rosetico"],
            "modification": ["shieldupgrade"]
          }
        }
      ]
    },
    {
      "threat": 3,
      "pilots": [
        {
          "id": "benteene",
          "upgrades": {
            "device": ["protonbombs", "connernets"]
          }
        }
      ]
    },
    {
      "threat": 4,
      "pilots": [
        {
          "id": "finchdallow",
          "upgrades": {
            "tech": ["advancedoptics"],
            "gunner": ["paigetico"],
            "modification": ["hullupgrade", "ablativeplating"],
            "device": ["protonbombs"]
          }
        }
      ]
    },
    {
      "threat": 3,
      "pilots": [
        {
          "id": "hansolo-scavengedyt1300",
          "upgrades": {
            "crew": ["chewbacca-crew-swz19"]
          }
        }
      ]
    },
    {
      "threat": 5,
      "pilots": [
        {
          "id": "rey",
          "upgrades": {
            "gunner": ["finn"],
            "astromech": ["bb8"],
            "illicit": ["inertialdampeners"],
            "modification": ["engineupgrade"],
            "title": ["reysmillenniumfalcon"]
          }
        }
      ]
    },
    {
      "threat": 4,
      "pilots": [
        {
          "id": "chewbacca-scavengedyt1300",
          "upgrades": {
            "gunner": ["rey-gunner"],
            "modification": ["engineupgrade"],
            "title": ["reysmillenniumfalcon"]
          }
        }
      ]
    },
    {
      "threat": 4,
      "pilots": [
        {
          "id": "resistancesympathizer",
          "upgrades": {
            "crew": ["chewbacca-crew-swz19", "hansolo-crew", "c3po-crew"],
            "talent": ["debrisgambit"]
          }
        }
      ]
    },
    {
      "threat": 2,
      "pilots": [
        {
          "id": "bb8",
          "upgrades": {
            "cannon": ["autoblasters"],
            "modification": ["afterburners"]
          }
        }
      ]
    },
    {
      "threat": 1,
      "pilots": [
        {
          "id": "rosetico",
          "upgrades": {
            "crew": ["pz4co"]
          }
        }
      ]
    },
    {
      "threat": 1,
      "pilots": [
        {
          "id": "vimoradi",
          "upgrades": {
            "crew": ["ga97"]
          }
        }
      ]
    },
    {
      "threat": 1,
      "pilots": [
        {
          "id": "finn",
          "upgrades": {
            "talent": ["predator"]
          }
        }
      ]
    },
    {
      "threat": 3,
      "pilots": [
        {
          "id": "covanell",
          "upgrades": {
            "crew": ["leiaorgana-resistance", "korrsella"],
            "talent": ["composure"]
          }
        }
      ]
    },
    {
      "threat": 2,
      "pilots": [
        {
          "id": "pammichnerrogoode",
          "upgrades": {
            "crew": ["kaydelconnix"],
            "modification": ["sparepartscanisters"],
            "cannon": ["autoblasters"],
            "astromech": ["r5x3"]
          }
        }
      ]
    },
    {
      "threat": 2,
      "pilots": [
        {
          "id": "nodinchavdri",
          "upgrades": {
            "astromech": ["r2ha"],
            "modification": ["angleddeflectors"],
            "torpedo": ["plasmatorpedoes"]
          }
        }
      ]
    },
    {
      "threat": 2,
      "pilots": [
        {
          "id": "logisticsdivisionpilot",
          "upgrades": {
            "crew": ["amilynholdo", "larmadacy"],
            "torpedo": ["protontorpedoes"]
          }
        }
      ]
    },
    {
      "threat": 3,
      "pilots": [
        {
          "id": "paigetico",
          "upgrades": {
            "crew": ["rosetico"],
            "device": ["protonbombs"],
            "gunner": ["skilledbombardier"]
          }
        }
      ]
    },
    {
      "threat": 2,
      "pilots": [
        {
          "id": "zizitlo",
          "upgrades": {
            "talent": ["elusive", "snapshot"],
            "tech": ["primedthrusters"],
            "modification": ["afterburners"]
          }
        }
      ]
    },
    {
      "threat": 2,
      "pilots": [
        {
          "id": "ronithblario",
          "upgrades": {
            "talent": ["snapshot"],
            "tech": ["patternanalyzer"],
            "missile": ["magpulsewarheads"]
          }
        }
      ]
    }
  ]
}
