{
  "quick-builds": [
    {
      "threat": 1,
      "pilots": [
        {
          "id": "dfs311",
          "upgrades": {
            "configuration": ["grapplingstruts"]
          }
        }
      ]
    },
    {
      "threat": 2,
      "pilots": [
        {
          "id": "dfs081",
          "upgrades": {
            "configuration": ["grapplingstruts"],
            "missile": ["protonrockets"],
            "modification": ["hullupgrade"]
          }
        }
      ]
    },
    {
      "threat": 2,
      "pilots": [
        {
          "id": "precisehunter",
          "upgrades": {
            "missile": ["concussionmissiles"],
            "modification": ["afterburners", "shieldupgrade"]
          }
        }
      ]
    },
    {
      "threat": 2,
      "pilots": [
        {
          "id": "separatistdrone",
          "upgrades": {
            "configuration": ["grapplingstruts"],
            "missile": ["energyshellcharges"],
            "modification": ["shieldupgrade"]
          }
        }
      ]
    },
    {
      "threat": 2,
      "pilots": [
        {
          "id": "haorchallprototype",
          "upgrades": {
            "missile": ["energyshellcharges"],
            "modification": ["stealthdevice", "afterburners"]
          }
        }
      ]
    },
    {
      "threat": 1,
      "pilots": [
        {
          "id": "tradefederationdrone",
          "upgrades": {
            "missile": ["energyshellcharges"]
          }
        }
      ]
    },
    {
      "threat": 3,
      "pilots": [
        {
          "id": "066",
          "upgrades": {
            "crew": ["chancellorpalpatine"],
            "modification": ["shieldupgrade"],
            "title": ["scimitar"]
          }
        }
      ]
    },
    {
      "threat": 3,
      "pilots": [
        {
          "id": "darkcourier",
          "upgrades": {
            "crew": ["countdooku", "generalgrievous"],
            "tactical-relay": ["k2b4"],
            "title": ["scimitar"]
          }
        }
      ]
    },
    {
      "threat": 4,
      "pilots": [
        {
          "id": "darthmaul",
          "upgrades": {
            "force-power": ["hate"],
            "cannon": ["heavylasercannon"],
            "crew": ["perceptivecopilot"],
            "device": ["drk1probedroids"],
            "modification": ["shieldupgrade"],
            "title": ["scimitar"]
          }
        }
      ]
    },
    {
      "threat": 4,
      "pilots": [
        {
          "id": "countdooku",
          "upgrades": {
            "force-power": ["brilliantevasion", "predictiveshot"],
            "torpedo": ["iontorpedoes"],
            "crew": ["generalgrievous"],
            "modification": ["hullupgrade"],
            "title": ["scimitar"]
          }
        }
      ]
    },
    {
      "threat": 3,
      "pilots": [
        {
          "id": "captainsear",
          "upgrades": {
            "talent": ["daredevil"],
            "tactical-relay": ["kraken"],
            "modification": ["imperviumplating", "stealthdevice"]
          }
        }
      ]
    },
    {
      "threat": 2,
      "pilots": [
        {
          "id": "feethanottrawautopilot",
          "upgrades": {
            "tactical-relay": ["tv94"],
            "modification": ["imperviumplating"]
          }
        }
      ]
    },
    {
      "threat": 3,
      "pilots": [
        {
          "id": "generalgrievous",
          "upgrades": {
            "talent": ["treacherous"],
            "tactical-relay": ["tv94"],
            "modification": ["imperviumplating"],
            "title": ["soullessone"]
          }
        }
      ]
    },
    {
      "threat": 3,
      "pilots": [
        {
          "id": "wattambor",
          "upgrades": {
            "talent": ["intimidation"],
            "tactical-relay": ["kraken"],
            "modification": ["shieldupgrade"]
          }
        }
      ]
    },
    {
      "threat": 2,
      "pilots": [
        {
          "id": "skakoanace",
          "upgrades": {
            "talent": ["crackshot"],
            "modification": ["afterburners"]
          }
        }
      ]
    },
    {
      "threat": 2,
      "pilots": [
        {
          "id": "technounionbomber",
          "upgrades": {
            "torpedo": ["protontorpedoes"],
            "device": ["electroprotonbomb"],
            "modification": ["delayedfuses"]
          }
        }
      ]
    },
    {
      "threat": 2,
      "pilots": [
        {
          "id": "bombardmentdrone",
          "upgrades": {
            "sensor": ["trajectorysimulator"],
            "device": ["bombletgenerator"],
            "modification": ["delayedfuses"]
          }
        }
      ]
    },
    {
      "threat": 2,
      "pilots": [
        {
          "id": "dbs404",
          "upgrades": {
            "talent": ["predator"],
            "torpedo": ["plasmatorpedoes"],
            "modification": ["afterburners"],
            "configuration": ["landingstruts"]
          }
        }
      ]
    },
    {
      "threat": 2,
      "pilots": [
        {
          "id": "baktoidprototype",
          "upgrades": {
            "sensor": ["passivesensors"],
            "missile": ["barragerockets"],
            "modification": ["hullupgrade"]
          }
        }
      ]
    },
    {
      "threat": 2,
      "pilots": [
        {
          "id": "separatistbomber",
          "upgrades": {
            "sensor": ["passivesensors"],
            "missile": ["diamondboronmissiles"]
          }
        }
      ]
    },
    {
      "threat": 2,
      "pilots": [
        {
          "id": "dbs32c",
          "upgrades": {
            "tactical-relay": ["ta175"],
            "modification": ["stealthdevice"],
            "configuration": ["landingstruts"]
          }
        }
      ]
    }
  ]
}
