[
  {
    "name": "Boost",
    "xws": "boost",
    "ffg": 1
  },
  {
    "name": "Focus",
    "xws": "focus",
    "ffg": 2
  },
  {
    "name": "Evade",
    "xws": "evade",
    "ffg": 3
  },
  {
    "name": "Lock",
    "xws": "lock",
    "ffg": 4
  },
  {
    "name": "Barrel Roll",
    "xws": "barrelroll",
    "ffg": 5
  },
  {
    "name": "Reinforce",
    "xws": "reinforce",
    "ffg": 6
  },
  {
    "name": "Cloak",
    "xws": "cloak",
    "ffg": 7
  },
  {
    "name": "Coordinate",
    "xws": "coordinate",
    "ffg": 8
  },
  {
    "name": "Calculate",
    "xws": "calculate",
    "ffg": 9
  },
  {
    "name": "Jam",
    "xws": "jam",
    "ffg": 10
  },
  {
    "name": "Reload",
    "xws": "reload",
    "ffg": 12
  },
  {
    "name": "Slam",
    "xws": "slam",
    "ffg": 13
  },
  {
    "name": "Rotate Arc",
    "xws": "rotatearc",
    "ffg": 14
  }
]
