{
  "name": "MG-100 StarFortress",
  "xws": "mg100starfortress",
  "ffg": 55,
  "size": "Large",
  "dial": [
    "0OR",
    "1TR",
    "1BB",
    "1FB",
    "1NB",
    "1YR",
    "2TW",
    "2BW",
    "2FB",
    "2NW",
    "2YW",
    "3BR",
    "3FW",
    "3NR"
  ],
  "dialCodes": ["MG1"],
  "faction": "Resistance",
  "stats": [
    { "arc": "Front Arc", "type": "attack", "value": 3 },
    { "arc": "Double Turret Arc", "type": "attack", "value": 2 },
    { "type": "agility", "value": 1 },
    { "type": "hull", "value": 9 },
    { "type": "shields", "value": 3 }
  ],
  "actions": [
    { "difficulty": "White", "type": "Focus" },
    { "difficulty": "White", "type": "Lock" },
    { "difficulty": "White", "type": "Rotate Arc" },
    { "difficulty": "White", "type": "Reload" }
  ],
  "icon": "https://sb-cdn.fantasyflightgames.com/ship_types/I_StarFortress.png",
  "pilots": [
    {
      "name": "Cobalt Squadron Bomber",
      "initiative": 1,
      "limited": 0,
      "xws": "cobaltsquadronbomber",
      "text": "Whether the ordnance silos of their StarFortresses are loaded with proton bombs or relief supplies, the heroic crews of Cobalt Squadron dedicate their lives to making a difference in the galaxy.",
      "image": "https://sb-cdn.fantasyflightgames.com/card_images/en/6b6a3bb8049699e2d66fe09531e8bc00.png",
      "artwork": "https://sb-cdn.fantasyflightgames.com/card_art/514351d5c41a8341ea5da5673269d917.jpg",
      "cost": 51,
      "slots": [
        "Sensor",
        "Crew",
        "Device",
        "Device",
        "Modification",
        "Gunner",
        "Gunner",
        "Tech"
      ],
      "ffg": 434,
      "hyperspace": false
    },
    {
      "name": "Cat",
      "caption": "Cobalt Wasp",
      "initiative": 1,
      "limited": 1,
      "xws": "cat",
      "ability": "While you perform a primary attack, if the defender is at range 0-1 of at least 1 friendly device, roll 1 additional die.",
      "image": "https://sb-cdn.fantasyflightgames.com/card_images/en/b386dc25736682ebc785b15551de903b.png",
      "artwork": "https://sb-cdn.fantasyflightgames.com/card_art/d927ccf08a9444340378449fe71e9f70.jpg",
      "cost": 52,
      "slots": [
        "Sensor",
        "Crew",
        "Device",
        "Device",
        "Modification",
        "Gunner",
        "Gunner",
        "Tech"
      ],
      "ffg": 433,
      "hyperspace": false
    },
    {
      "name": "Vennie",
      "caption": "Crimson Cutter",
      "initiative": 2,
      "limited": 1,
      "xws": "vennie",
      "ability": "While you defend, if the attacker is in a friendly ship's [Single Turret Arc], you may add 1 [Focus] result to your roll.",
      "image": "https://sb-cdn.fantasyflightgames.com/card_images/en/0d494986a24e6c55efae066a43161b0d.png",
      "artwork": "https://sb-cdn.fantasyflightgames.com/card_art/511b878f719e9fa59a50cdf980d10ead.jpg",
      "cost": 54,
      "slots": [
        "Sensor",
        "Crew",
        "Device",
        "Device",
        "Modification",
        "Gunner",
        "Gunner",
        "Tech"
      ],
      "ffg": 448,
      "hyperspace": false
    },
    {
      "name": "Ben Teene",
      "caption": "Crimson Bolide",
      "initiative": 3,
      "limited": 1,
      "xws": "benteene",
      "ability": "After you perform an attack, if the defender is in your [Single Turret Arc], assign the Rattled condition to the defender.",
      "image": "https://sb-cdn.fantasyflightgames.com/card_images/en/c9189c7e510b4d734d4d78c4f595010f.png",
      "artwork": "https://sb-cdn.fantasyflightgames.com/card_art/74ca7444aec38cb0034b67b04f6aaa76.jpg",
      "cost": 56,
      "conditions": ["rattled"],
      "slots": [
        "Sensor",
        "Crew",
        "Device",
        "Device",
        "Modification",
        "Gunner",
        "Gunner",
        "Tech"
      ],
      "ffg": 432,
      "hyperspace": false
    },
    {
      "name": "Edon Kappehl",
      "caption": "Crimson Hailstorm",
      "initiative": 3,
      "limited": 1,
      "xws": "edonkappehl",
      "ability": "After you fully execute a blue or white maneuver, if you have not dropped or launched a device this round, you may drop 1 device.",
      "image": "https://sb-cdn.fantasyflightgames.com/card_images/en/f58fe0b57dc4a9c878627f0fea9cf1ef.png",
      "artwork": "https://sb-cdn.fantasyflightgames.com/card_art/bbac51ca4ba44f26d90a53b6c5db5e2c.jpg",
      "cost": 58,
      "slots": [
        "Sensor",
        "Crew",
        "Device",
        "Device",
        "Modification",
        "Gunner",
        "Gunner",
        "Tech"
      ],
      "ffg": 447,
      "hyperspace": false
    },
    {
      "name": "Finch Dallow",
      "caption": "Cobalt Hammer",
      "initiative": 4,
      "limited": 1,
      "xws": "finchdallow",
      "ability": "Before you would drop a bomb, you may place it in the play area touching you instead.",
      "image": "https://sb-cdn.fantasyflightgames.com/card_images/en/43d9a0555f719a4cbe1ffe905fd38c46.png",
      "artwork": "https://sb-cdn.fantasyflightgames.com/card_art/dafd2937accc362f766ca0da3308ccbc.jpg",
      "cost": 58,
      "slots": [
        "Sensor",
        "Crew",
        "Device",
        "Device",
        "Modification",
        "Gunner",
        "Gunner",
        "Tech"
      ],
      "ffg": 431,
      "hyperspace": false
    },
    {
      "name": "Paige Tico",
      "xws": "paigetico",
      "initiative": 5,
      "limited": 1,
      "caption": "Hero",
      "hyperspace": false,
      "charges": { "value": 1, "recovers": 1 },
      "slots": [
        "Talent",
        "Sensor",
        "Tech",
        "Crew",
        "Gunner",
        "Gunner",
        "Device",
        "Device",
        "Modification"
      ],
      "ability": "After you drop a device, you may spend 1 [Charge] to drop an additional device.",
      "cost": 58,
      "ffg": 640,
      "artwork": "https://sb-cdn.fantasyflightgames.com/card_art/2bd70a86ef09e15aa93b165a56f32834.jpg",
      "image": "https://sb-cdn.fantasyflightgames.com/card_images/en/fab73e7af97d9d6169f0f504b60d34c2.png"
    }
  ]
}
