{
  "name": "Resistance Transport Pod",
  "xws": "resistancetransportpod",
  "size": "Small",
  "ffg": 65,
  "dial": [
    "1TR",
    "1BB",
    "1FB",
    "1NB",
    "1YR",
    "2TW",
    "2BW",
    "2FB",
    "2NW",
    "2YW",
    "3BR",
    "3FW",
    "3NR",
    "3KR",
    "4FR"
  ],
  "dialCodes": ["RTP"],
  "faction": "Resistance",
  "stats": [
    { "arc": "Front Arc", "type": "attack", "value": 2 },
    { "type": "agility", "value": 2 },
    { "type": "hull", "value": 3 },
    { "type": "shields", "value": 1 }
  ],
  "actions": [
    { "difficulty": "White", "type": "Focus" },
    { "difficulty": "Red", "type": "Lock" },
    { "difficulty": "Red", "type": "Barrel Roll" },
    { "difficulty": "Red", "type": "Jam" }
  ],
  "pilots": [
    {
      "name": "BB-8",
      "xws": "bb8",
      "initiative": 3,
      "limited": 1,
      "hyperspace": true,
      "cost": 26,
      "slots": ["Talent", "Tech", "Crew", "Modification"],
      "ability": "During the System Phase, you may perform a red [Barrel Roll] or [Boost] action.",
      "ffg": 573,
      "artwork": "https://sb-cdn.fantasyflightgames.com/card_art/bbe37aa13822e8c94d9b0950cdd9cdb0.jpg",
      "image": "https://sb-cdn.fantasyflightgames.com/card_images/en/4d2201d40635299aa134acd52c9587af.png",
      "shipActions": [
        { "difficulty": "White", "type": "Calculate" },
        { "difficulty": "Red", "type": "Lock" },
        { "difficulty": "Red", "type": "Barrel Roll" },
        { "difficulty": "Red", "type": "Jam" }
      ],
      "caption": "Full of Surprises"
    },
    {
      "name": "Rose Tico",
      "xws": "rosetico",
      "initiative": 3,
      "limited": 1,
      "caption": "Earnest Engineer",
      "hyperspace": true,
      "cost": 26,
      "slots": ["Talent", "Tech", "Crew", "Modification"],
      "ability": "While you defend or perform an attack, you may reroll up to 1 of your results for each other friendly ship in the attack arc.",
      "ffg": 574,
      "artwork": "https://sb-cdn.fantasyflightgames.com/card_art/40cba6527802ef9afa41e4009265873c.jpg",
      "image": "https://sb-cdn.fantasyflightgames.com/card_images/en/1dbf7b355d60f5b3f278522eb702f99f.png"
    },
    {
      "name": "Vi Moradi",
      "xws": "vimoradi",
      "initiative": 1,
      "limited": 1,
      "caption": "Starling",
      "hyperspace": true,
      "cost": 27,
      "slots": ["Tech", "Crew", "Modification"],
      "ability": "Setup: After placing forces, assign the Compromising Intel condition to 1 enemy ship.",
      "conditions": ["compromisingintel"],
      "ffg": 576,
      "artwork": "https://sb-cdn.fantasyflightgames.com/card_art/f13328acfd703dc5489fa2249b9f675e.jpg",
      "image": "https://sb-cdn.fantasyflightgames.com/card_images/en/14139a2d20ff13b01bd5810371a89064.png"
    },
    {
      "name": "Finn",
      "xws": "finn",
      "initiative": 2,
      "limited": 1,
      "caption": "Big Deal",
      "hyperspace": false,
      "cost": 29,
      "slots": ["Talent", "Tech", "Crew", "Modification"],
      "ability": "While you defend or perform an attack, you may add 1 blank result, or you may gain 1 strain token to add 1 focus result instead.",
      "ffg": 575,
      "artwork": "https://sb-cdn.fantasyflightgames.com/card_art/6e5fea21ac8a7ee345fd07f1c42cc81d.jpg",
      "image": "https://sb-cdn.fantasyflightgames.com/card_images/en/311d88e51a039b79e9a422ab3c475288.png"
    }
  ],
  "icon": "https://sb-cdn.fantasyflightgames.com/ship_types/I_Resistance_Transport_Cockpit_Pod.png"
}
