{
  "name": "TIE/sk Striker",
  "xws": "tieskstriker",
  "ffg": 16,
  "size": "Small",
  "dial": [
    "1TW",
    "1BB",
    "1FB",
    "1NB",
    "1YW",
    "1KR",
    "2LR",
    "2TW",
    "2BB",
    "2FB",
    "2NB",
    "2YW",
    "2PR",
    "3BW",
    "3FB",
    "3NW"
  ],
  "dialCodes": ["TS"],
  "faction": "Galactic Empire",
  "stats": [
    { "arc": "Front Arc", "type": "attack", "value": 3 },
    { "type": "agility", "value": 2 },
    { "type": "hull", "value": 4 }
  ],
  "actions": [
    { "difficulty": "White", "type": "Focus" },
    { "difficulty": "White", "type": "Evade" },
    { "difficulty": "White", "type": "Barrel Roll" }
  ],
  "icon": "https://sb-cdn.fantasyflightgames.com/ship_types/I_TIEStriker.png",
  "pilots": [
    {
      "name": "\"Countdown\"",
      "caption": "Death Defier",
      "initiative": 4,
      "limited": 1,
      "cost": 43,
      "xws": "countdown",
      "ability": "While you defend, after the Neutralize Results step, if you are not stressed, you may suffer 1 [Hit] damage and gain 1 stress token. If you do, cancel all dice results.",
      "image": "https://sb-cdn.fantasyflightgames.com/card_images/Card_Pilot_118.png",
      "shipAbility": {
        "name": "Adaptive Ailerons",
        "text": "Before you reveal your dial, if you are not stressed, you must execute a white [1 [Bank Left]], [1 [Straight]], or [1 [Bank Right]] maneuver."
      },
      "slots": ["Talent", "Device", "Modification", "Gunner"],
      "artwork": "https://sb-cdn.fantasyflightgames.com/card_art/Card_art_XW_P_118.jpg",
      "ffg": 118,
      "hyperspace": true
    },
    {
      "name": "\"Duchess\"",
      "caption": "Urbane Ace",
      "initiative": 5,
      "limited": 1,
      "cost": 44,
      "xws": "duchess",
      "ability": "You may choose not to use your Adaptive Ailerons. You may use your Adaptive Ailerons even while stressed.",
      "image": "https://sb-cdn.fantasyflightgames.com/card_images/Card_Pilot_117.png",
      "shipAbility": {
        "name": "Adaptive Ailerons",
        "text": "Before you reveal your dial, if you are not stressed, you must execute a white [1 [Bank Left]], [1 [Straight]], or [1 [Bank Right]] maneuver."
      },
      "slots": ["Talent", "Device", "Modification", "Gunner"],
      "artwork": "https://sb-cdn.fantasyflightgames.com/card_art/Card_art_XW_P_117.jpg",
      "ffg": 117,
      "hyperspace": true
    },
    {
      "name": "\"Pure Sabacc\"",
      "caption": "Confident Gambler",
      "initiative": 4,
      "limited": 1,
      "cost": 43,
      "xws": "puresabacc",
      "ability": "While you perform an attack, if you have 1 or fewer damage cards, you may roll 1 additional attack die.",
      "image": "https://sb-cdn.fantasyflightgames.com/card_images/Card_Pilot_119.png",
      "shipAbility": {
        "name": "Adaptive Ailerons",
        "text": "Before you reveal your dial, if you are not stressed, you must execute a white [1 [Bank Left]], [1 [Straight]], or [1 [Bank Right]] maneuver."
      },
      "slots": ["Talent", "Device", "Modification", "Gunner"],
      "artwork": "https://sb-cdn.fantasyflightgames.com/card_art/Card_art_XW_P_119.jpg",
      "ffg": 119,
      "hyperspace": true
    },
    {
      "name": "Black Squadron Scout",
      "initiative": 3,
      "limited": 0,
      "cost": 33,
      "xws": "blacksquadronscout",
      "text": "These heavily armed atmospheric craft employ their specialized moveable wings to gain additional speed and maneuverability.",
      "image": "https://sb-cdn.fantasyflightgames.com/card_images/Card_Pilot_120.png",
      "shipAbility": {
        "name": "Adaptive Ailerons",
        "text": "Before you reveal your dial, if you are not stressed, you must execute a white [1 [Bank Left]], [1 [Straight]], or [1 [Bank Right]] maneuver."
      },
      "slots": ["Talent", "Device", "Modification", "Gunner"],
      "artwork": "https://sb-cdn.fantasyflightgames.com/card_art/Card_art_XW_P_120.jpg",
      "ffg": 120,
      "hyperspace": true
    },
    {
      "name": "Planetary Sentinel",
      "initiative": 1,
      "limited": 0,
      "cost": 31,
      "xws": "planetarysentinel",
      "text": "To protect its many military installations, the Empire requires a swift and vigilant defense force.",
      "image": "https://sb-cdn.fantasyflightgames.com/card_images/Card_Pilot_121.png",
      "shipAbility": {
        "name": "Adaptive Ailerons",
        "text": "Before you reveal your dial, if you are not stressed, you must execute a white [1 [Bank Left]], [1 [Straight]], or [1 [Bank Right]] maneuver."
      },
      "slots": ["Device", "Modification", "Gunner"],
      "artwork": "https://sb-cdn.fantasyflightgames.com/card_art/Card_art_XW_P_121.jpg",
      "ffg": 121,
      "hyperspace": true
    },
    {
      "name": "\"Vagabond\"",
      "xws": "vagabond",
      "initiative": 2,
      "limited": 1,
      "shipAbility": {
        "name": "Adaptive Ailerons",
        "text": "Before you reveal your dial, if you are not stressed, you must execute a white [1 [Bank Left]], [1 [Straight]], or [1 [Bank Right]] maneuver."
      },
      "caption": "Destitute Demolitionist",
      "hyperspace": true,
      "slots": ["Talent", "Gunner", "Device", "Modification"],
      "ability": "After you fully execute a maneuver using your Adaptive Ailerons, if you are not stressed, you may drop 1 device.",
      "cost": 34,
      "ffg": 633,
      "artwork": "https://sb-cdn.fantasyflightgames.com/card_art/308e253711036e143e22857365bcb7ca.jpg",
      "image": "https://sb-cdn.fantasyflightgames.com/card_images/en/e1b12f8287593ebaf960561c2febffe4.png"
    }
  ]
}
