{
  "name": "TIE Advanced v1",
  "xws": "tieadvancedv1",
  "ffg": 25,
  "size": "Small",
  "dial": [
    "1TB",
    "1BB",
    "1NB",
    "1YB",
    "2ER",
    "2TW",
    "2BW",
    "2FB",
    "2NW",
    "2YW",
    "2RR",
    "3TW",
    "3BW",
    "3FB",
    "3NW",
    "3YW",
    "4FW",
    "4KR",
    "5FW"
  ],
  "dialCodes": ["TAv"],
  "faction": "Galactic Empire",
  "stats": [
    { "arc": "Front Arc", "type": "attack", "value": 2 },
    { "type": "agility", "value": 3 },
    { "type": "hull", "value": 2 },
    { "type": "shields", "value": 2 }
  ],
  "actions": [
    { "difficulty": "White", "type": "Focus" },
    { "difficulty": "White", "type": "Evade" },
    { "difficulty": "White", "type": "Lock" },
    {
      "difficulty": "White",
      "linked": { "difficulty": "Red", "type": "Focus" },
      "type": "Barrel Roll"
    },
    {
      "difficulty": "White",
      "linked": { "difficulty": "Red", "type": "Focus" },
      "type": "Boost"
    }
  ],
  "icon": "https://sb-cdn.fantasyflightgames.com/ship_types/I_TIEAdvancedPrototype.png",
  "pilots": [
    {
      "name": "Baron of the Empire",
      "initiative": 3,
      "limited": 0,
      "cost": 28,
      "xws": "baronoftheempire",
      "text": "Sienar Fleet System's TIE Advanced v1 is a groundbreaking starfighter design, featuring upgraded engines, a missile launcher, and folding s-foils.",
      "image": "https://sb-cdn.fantasyflightgames.com/card_images/Card_Pilot_101.png",
      "slots": ["Talent", "Sensor", "Missile"],
      "artwork": "https://sb-cdn.fantasyflightgames.com/card_art/Card_art_XW_P_101.jpg",
      "ffg": 101,
      "hyperspace": true
    },
    {
      "name": "Grand Inquisitor",
      "caption": "Master of the Inquisitorious",
      "initiative": 5,
      "limited": 1,
      "cost": 52,
      "xws": "grandinquisitor",
      "ability": "While you defend at attack range 1, you may spend 1 [Force] to prevent the range 1 bonus. While you perform an attack against a defender at attack range 2-3, you may spend 1 [Force] to apply the range 1 bonus.",
      "image": "https://sb-cdn.fantasyflightgames.com/card_images/Card_Pilot_99.png",
      "force": { "value": 2, "recovers": 1, "side": ["dark"] },
      "slots": ["Sensor", "Missile", "Force Power"],
      "artwork": "https://sb-cdn.fantasyflightgames.com/card_art/Card_art_XW_P_99.jpg",
      "ffg": 99,
      "hyperspace": false
    },
    {
      "name": "Inquisitor",
      "initiative": 3,
      "limited": 0,
      "cost": 36,
      "xws": "inquisitor",
      "text": "The fearsome Inquisitors are given a great deal of autonomy and access to the Empire's latest technology, like the prototype TIE Advanced v1.",
      "image": "https://sb-cdn.fantasyflightgames.com/card_images/Card_Pilot_102.png",
      "force": { "value": 1, "recovers": 1, "side": ["dark"] },
      "slots": ["Sensor", "Missile", "Force Power"],
      "artwork": "https://sb-cdn.fantasyflightgames.com/card_art/Card_art_XW_P_102.jpg",
      "ffg": 102,
      "hyperspace": false
    },
    {
      "name": "Seventh Sister",
      "caption": "Sadistic Interrogator",
      "initiative": 4,
      "limited": 1,
      "cost": 43,
      "xws": "seventhsister",
      "ability": "While you perform a primary attack, before the Neutralize Results step, you may spend 2 [Force] to cancel 1 [Evade] result.",
      "image": "https://sb-cdn.fantasyflightgames.com/card_images/Card_Pilot_100.png",
      "force": { "value": 2, "recovers": 1, "side": ["dark"] },
      "slots": ["Sensor", "Missile", "Force Power"],
      "artwork": "https://sb-cdn.fantasyflightgames.com/card_art/Card_art_XW_P_100.jpg",
      "ffg": 100,
      "hyperspace": true
    },
    {
      "name": "Fifth Brother",
      "xws": "fifthbrother",
      "initiative": 4,
      "limited": 1,
      "caption": "Ruthless Brute",
      "hyperspace": true,
      "force": { "value": 2, "recovers": 1, "side": ["dark"] },
      "slots": ["Force Power", "Sensor", "Missile"],
      "ability": "While you perform an attack, after the Neutralize Results step, if the attack hit, you may spend 2 [Force] to add 1 [Critical Hit] result.",
      "cost": 42,
      "ffg": 632,
      "artwork": "https://sb-cdn.fantasyflightgames.com/card_art/e79e45f2bdb5a2ab6ff6728b42db0b74.jpg",
      "image": "https://sb-cdn.fantasyflightgames.com/card_images/en/01a02a00ef5aad21bc1f0a58028136ec.png"
    }
  ]
}
