{
  "name": "TIE/in Interceptor",
  "xws": "tieininterceptor",
  "ffg": 41,
  "size": "Small",
  "dial": [
    "1TW",
    "1YW",
    "2TB",
    "2BB",
    "2FB",
    "2NB",
    "2YB",
    "3LR",
    "3TW",
    "3BW",
    "3FB",
    "3NW",
    "3YW",
    "3PR",
    "4FB",
    "4KR",
    "5FW"
  ],
  "dialCodes": ["TI"],
  "faction": "Galactic Empire",
  "stats": [
    { "arc": "Front Arc", "type": "attack", "value": 3 },
    { "type": "agility", "value": 3 },
    { "type": "hull", "value": 3 }
  ],
  "actions": [
    { "difficulty": "White", "type": "Focus" },
    { "difficulty": "White", "type": "Evade" },
    { "difficulty": "White", "type": "Barrel Roll" },
    { "difficulty": "White", "type": "Boost" }
  ],
  "icon": "https://sb-cdn.fantasyflightgames.com/ship_types/I_TIEInterceptor.png",
  "pilots": [
    {
      "name": "Alpha Squadron Pilot",
      "initiative": 1,
      "limited": 0,
      "cost": 31,
      "xws": "alphasquadronpilot",
      "text": "Sienar Fleet Systems designed the TIE interceptor with four wing-mounted laser cannons, a dramatic increase in firepower over its predecessors.",
      "image": "https://sb-cdn.fantasyflightgames.com/card_images/Card_Pilot_106.png",
      "shipAbility": {
        "name": "Autothrusters",
        "text": "After you perform an action, you may perform a red [Barrel Roll] or red [Boost] action."
      },
      "slots": ["Modification", "Modification"],
      "artwork": "https://sb-cdn.fantasyflightgames.com/card_art/Card_art_XW_P_106.jpg",
      "ffg": 106,
      "hyperspace": true
    },
    {
      "name": "Saber Squadron Ace",
      "initiative": 4,
      "limited": 0,
      "cost": 36,
      "xws": "sabersquadronace",
      "text": "Led by Baron Soontir Fel, the pilots of Saber Squadron are among the Empire's best. Their TIE interceptors are marked with red stripes to designate pilots with at least ten confirmed kills.",
      "image": "https://sb-cdn.fantasyflightgames.com/card_images/Card_Pilot_105.png",
      "shipAbility": {
        "name": "Autothrusters",
        "text": "After you perform an action, you may perform a red [Barrel Roll] or red [Boost] action."
      },
      "slots": ["Talent", "Modification", "Modification"],
      "artwork": "https://sb-cdn.fantasyflightgames.com/card_art/Card_art_XW_P_105.jpg",
      "ffg": 105,
      "hyperspace": true
    },
    {
      "name": "Soontir Fel",
      "caption": "Ace of Legend",
      "initiative": 6,
      "limited": 1,
      "cost": 54,
      "xws": "soontirfel",
      "ability": "At the start of the Engagement Phase, if there is an enemy ship in your [Bullseye Arc], gain 1 focus token.",
      "image": "https://sb-cdn.fantasyflightgames.com/card_images/Card_Pilot_103.png",
      "shipAbility": {
        "name": "Autothrusters",
        "text": "After you perform an action, you may perform a red [Barrel Roll] or red [Boost] action."
      },
      "slots": ["Talent", "Modification", "Modification"],
      "artwork": "https://sb-cdn.fantasyflightgames.com/card_art/Card_art_XW_P_103.jpg",
      "ffg": 103,
      "hyperspace": false
    },
    {
      "name": "Turr Phennir",
      "caption": "Ambitious Ace",
      "initiative": 4,
      "limited": 1,
      "cost": 42,
      "xws": "turrphennir",
      "ability": "After you perform an attack, you may perform a [Barrel Roll] or [Boost] action, even if you are stressed.",
      "image": "https://sb-cdn.fantasyflightgames.com/card_images/Card_Pilot_104.png",
      "shipAbility": {
        "name": "Autothrusters",
        "text": "After you perform an action, you may perform a red [Barrel Roll] or red [Boost] action."
      },
      "slots": ["Talent", "Modification", "Modification"],
      "artwork": "https://sb-cdn.fantasyflightgames.com/card_art/Card_art_XW_P_104.jpg",
      "ffg": 104,
      "hyperspace": true
    }
  ]
}
