{
  "name": "BTL-B Y-wing",
  "xws": "btlbywing",
  "size": "Small",
  "ffg": 68,
  "dial": [
    "1BW",
    "1FB",
    "1NW",
    "2TW",
    "2BW",
    "2FB",
    "2NW",
    "2YW",
    "3TR",
    "3BW",
    "3FW",
    "3NW",
    "3YR",
    "4FR",
    "4KR"
  ],
  "dialCodes": ["YwB"],
  "faction": "Galactic Republic",
  "stats": [
    { "arc": "Front Arc", "type": "attack", "value": 2 },
    { "type": "agility", "value": 1 },
    { "type": "hull", "value": 5 },
    { "type": "shields", "value": 3 }
  ],
  "actions": [
    { "difficulty": "White", "type": "Focus" },
    { "difficulty": "White", "type": "Lock" },
    { "difficulty": "Red", "type": "Barrel Roll" },
    { "difficulty": "Red", "type": "Reload" }
  ],
  "pilots": [
    {
      "name": "Shadow Squadron Veteran",
      "initiative": 3,
      "limited": 0,
      "xws": "shadowsquadronveteran",
      "text": "Shadow Squadron has served since the early days of the Clone Wars, winning victories at Kadavo and against the flagship of Grievous, Malevolence.",
      "image": "https://sb-cdn.fantasyflightgames.com/card_images/en/fe59b8b8bd7ca5d4104030b50a30a299.png",
      "shipAbility": {
        "name": "Plated Hull",
        "text": "While you defend, if you are not critically damaged, change 1 [Critical Hit] result to a [Hit] result."
      },
      "hyperspace": true,
      "artwork": "https://sb-cdn.fantasyflightgames.com/card_art/84e5bef1597b232a20e52e1aa28a4c7e.jpg",
      "cost": 31,
      "ffg": 602,
      "slots": [
        "Talent",
        "Turret",
        "Torpedo",
        "Astromech",
        "Device",
        "Modification",
        "Gunner"
      ]
    },
    {
      "name": "Anakin Skywalker",
      "initiative": 6,
      "limited": 1,
      "xws": "anakinskywalker-btlbywing",
      "shipAbility": {
        "name": "Plated Hull",
        "text": "While you defend, if you are not critically damaged, change 1 [Critical Hit] result to a [Hit] result."
      },
      "force": { "value": 3, "recovers": 1, "side": ["light"] },
      "hyperspace": true,
      "caption": "Hero of the Republic",
      "artwork": "https://sb-cdn.fantasyflightgames.com/card_art/7fc9010418aceb84cd9fb48d34e39ec8.jpg",
      "image": "https://sb-cdn.fantasyflightgames.com/card_images/en/c7c979a7d90961d2e3afe377a71285df.png",
      "ability": "After you fully execute a maneuver, if there is an enemy ship in your [Front Arc] at range 0-1 or in your [Bullseye Arc], you may spend 1 [Force] to remove 1 stress token.",
      "cost": 55,
      "ffg": 596,
      "slots": [
        "Turret",
        "Torpedo",
        "Astromech",
        "Device",
        "Modification",
        "Gunner",
        "Force Power"
      ]
    },
    {
      "name": "R2-D2",
      "xws": "r2d2",
      "caption": "Bucket of Bolts",
      "cost": 32,
      "ffg": 600,
      "limited": 1,
      "artwork": "https://sb-cdn.fantasyflightgames.com/card_art/90c3f9aac7f44e4a6a860c81f93aae99.jpg",
      "image": "https://sb-cdn.fantasyflightgames.com/card_images/en/b37b960f2e79ab5eb905bc3593de8961.png",
      "shipActions": [
        { "difficulty": "White", "type": "Calculate" },
        { "difficulty": "White", "type": "Lock" },
        { "difficulty": "Red", "type": "Barrel Roll" },
        { "difficulty": "Red", "type": "Reload" }
      ],
      "shipAbility": {
        "name": "Plated Hull",
        "text": "While you defend, if you are not critically damaged, change 1 [Critical Hit] result to a [Hit] result."
      },
      "ability": "At the start of the Engagement Phase, if there is an enemy ship in your [Rear Arc], gain 1 calculate token.",
      "hyperspace": true,
      "slots": [
        "Talent",
        "Turret",
        "Torpedo",
        "Crew",
        "Device",
        "Modification",
        "Gunner"
      ],
      "initiative": 2
    },
    {
      "name": "\"Odd Ball\"",
      "xws": "oddball-btlbywing",
      "initiative": 5,
      "limited": 1,
      "shipAbility": {
        "name": "Plated Hull",
        "text": "While you defend, if you are not critically damaged, change 1 [Critical Hit] result to a [Hit] result."
      },
      "caption": "CC-2237",
      "hyperspace": true,
      "cost": 42,
      "ffg": 597,
      "artwork": "https://sb-cdn.fantasyflightgames.com/card_art/5f37609150489b6d49ca659d1b1caa8a.jpg",
      "image": "https://sb-cdn.fantasyflightgames.com/card_images/en/8f1d65004c763b48293d1324a49c563a.png",
      "ability": "After you fully execute a red maneuver or perform a red action, if there is an enemy ship in your [Bullseye Arc], you may acquire a lock on that ship.",
      "slots": [
        "Talent",
        "Turret",
        "Torpedo",
        "Astromech",
        "Device",
        "Modification",
        "Gunner"
      ]
    },
    {
      "name": "\"Matchstick\"",
      "xws": "matchstick",
      "initiative": 4,
      "limited": 1,
      "shipAbility": {
        "name": "Plated Hull",
        "text": "While you defend, if you are not critically damaged, change 1 [Critical Hit] result to a [Hit] result."
      },
      "hyperspace": true,
      "caption": "Shadow Two",
      "artwork": "https://sb-cdn.fantasyflightgames.com/card_art/8d8b63edff7a5e9969ca61ebb4456837.jpg",
      "image": "https://sb-cdn.fantasyflightgames.com/card_images/en/6aa658fe4082ed67500d2ac92c7731a0.png",
      "ability": "While you perform a primary or [Single Turret Arc] attack, you may reroll 1 attack die for each red token you have.",
      "cost": 43,
      "ffg": 598,
      "slots": [
        "Talent",
        "Turret",
        "Torpedo",
        "Astromech",
        "Device",
        "Modification",
        "Gunner"
      ]
    },
    {
      "name": "\"Broadside\"",
      "xws": "broadside",
      "initiative": 3,
      "limited": 1,
      "shipAbility": {
        "name": "Plated Hull",
        "text": "While you defend, if you are not critically damaged, change 1 [Critical Hit] result to a [Hit] result."
      },
      "hyperspace": true,
      "caption": "Shadow Three",
      "artwork": "https://sb-cdn.fantasyflightgames.com/card_art/d34e3bcb51d765f9dd12a9fc266e7ad9.jpg",
      "image": "https://sb-cdn.fantasyflightgames.com/card_images/en/1f0842573067d73acd7bb7589707ec4e.png",
      "ability": "While you perform a [Single Turret Arc] attack, if your [Single Turret Arc] indicator is in your [Left Arc] or [Right Arc], you may change 1 blank result to a [Focus] result.",
      "cost": 36,
      "ffg": 599,
      "slots": [
        "Talent",
        "Turret",
        "Torpedo",
        "Astromech",
        "Device",
        "Modification",
        "Gunner"
      ]
    },
    {
      "name": "\"Goji\"",
      "xws": "goji",
      "initiative": 2,
      "limited": 1,
      "shipAbility": {
        "name": "Plated Hull",
        "text": "While you defend, if you are not critically damaged, change 1 [Critical Hit] result to a [Hit] result."
      },
      "hyperspace": true,
      "caption": "Payload Specialist",
      "artwork": "https://sb-cdn.fantasyflightgames.com/card_art/026f989543c030d7c8e6757a9aab7a68.jpg",
      "image": "https://sb-cdn.fantasyflightgames.com/card_images/en/3b34b6fc25db55b66654d355c7f514eb.png",
      "ability": "While a friendly ship at range 0-3 defends, it may roll 1 additional defense die for each friendly bomb at range 0-1 of it.",
      "cost": 29,
      "ffg": 601,
      "slots": [
        "Turret",
        "Torpedo",
        "Astromech",
        "Device",
        "Modification",
        "Gunner"
      ]
    },
    {
      "name": "Red Squadron Bomber",
      "xws": "redsquadronbomber",
      "initiative": 2,
      "limited": 0,
      "shipAbility": {
        "name": "Plated Hull",
        "text": "While you defend, if you are not critically damaged, change 1 [Critical Hit] result to a [Hit] result."
      },
      "text": "At the battle of Geonosis, Red Squadron provided vital cover to the LAAT gunships deployed to secure the surface.",
      "hyperspace": true,
      "artwork": "https://sb-cdn.fantasyflightgames.com/card_art/e91e0d3a30e85c878f7493360d1b668f.jpg",
      "image": "https://sb-cdn.fantasyflightgames.com/card_images/en/692a1f1d4b5f5370dad7cacf2f19d699.png",
      "cost": 29,
      "ffg": 603,
      "slots": [
        "Turret",
        "Torpedo",
        "Astromech",
        "Device",
        "Modification",
        "Gunner"
      ]
    }
  ],
  "icon": "https://sb-cdn.fantasyflightgames.com/ship_types/I_BTL-B_Ywing.png"
}
