{
  "000": {
    "en": "0-0-0",
    "fr": "0-0-0"
  },
  "4lom": {
    "en": "4-LOM",
    "fr": "4-LOM"
  },
  "cassianandor": {
    "en": "Cassian Andor",
    "fr": "Cassian Andor"
  },
  "aaylasecura": {
    "en": "Aayla Secura",
    "fr": "Aayla Secura"
  },
  "adaptiveshields": {
    "en": "Adaptive Shields",
    "fr": "Boucliers Adaptables"
  },
  "admiralsloane": {
    "en": "Admiral Sloane",
    "fr": "Amiral Sloane"
  },
  "agentkallus": {
    "en": "Agent Kallus",
    "fr": "Agent Kallus"
  },
  "agentterex": {
    "en": "Agent Terex",
    "fr": "Agent Terex"
  },
  "agilegunner": {
    "en": "Agile Gunner",
    "fr": "Canonnier Adroit"
  },
  "ahsokatano": {
    "en": "Ahsoka Tano",
    "fr": "Ahsoka Tano"
  },
  "amilynholdo": {
    "en": "Amilyn Holdo",
    "fr": "Amilyn Holdo"
  },
  "autoblasters": {
    "en": "Autoblasters",
    "fr": "Autoblasters"
  },
  "battlemeditation": {
    "en": "Battle Meditation",
    "fr": "Méditation de Bataille"
  },
  "bazemalbus": {
    "en": "Baze Malbus",
    "fr": "Baze Malbus"
  },
  "bb8": {
    "en": "BB-8",
    "fr": "BB-8"
  },
  "bbastromech": {
    "en": "BB Astromech",
    "fr": "Astromech BB"
  },
  "bistan": {
    "en": "Bistan",
    "fr": "Bistan"
  },
  "bobafett": {
    "en": "Boba Fett",
    "fr": "Boba Fett"
  },
  "bombletgenerator": {
    "en": "Bomblet Generator",
    "fr": "Générateur de Sous-Munitions"
  },
  "boostedscanners": {
    "en": "Boosted Scanners",
    "fr": "Scanners Amplifiés"
  },
  "bossk": {
    "en": "Bossk",
    "fr": "Bossk"
  },
  "brilliantevasion": {
    "en": "Brilliant Evasion",
    "fr": "As de la Manœuvre"
  },
  "bt1": {
    "en": "BT-1",
    "fr": "BT-1"
  },
  "c110p": {
    "en": "C1-10P",
    "fr": "C1-10P"
  },
  "c3po": {
    "en": "C-3PO",
    "fr": "C-3PO"
  },
  "c3po-crew": {
    "en": "C-3PO",
    "fr": "C-3PO"
  },
  "c3po-republic": {
    "en": "C-3PO",
    "fr": "C-3PO"
  },
  "cadbane": {
    "en": "Cad Bane",
    "fr": "Cad Bane"
  },
  "calibratedlasertargeting": {
    "en": "Calibrated Laser Targeting",
    "fr": "Visée Laser Calibrée"
  },
  "captainphasma": {
    "en": "Captain Phasma",
    "fr": "Capitaine Phasma"
  },
  "chancellorpalpatine": {
    "en": "Chancellor Palpatine",
    "fr": "Chancelier Palpatine"
  },
  "chewbacca": {
    "en": "Chewbacca",
    "fr": "Chewbacca"
  },
  "chewbacca-crew": {
    "en": "Chewbacca",
    "fr": "Chewbacca"
  },
  "chewbacca-crew-swz19": {
    "en": "Chewbacca",
    "fr": "Chewbacca"
  },
  "chopper": {
    "en": "Chopper",
    "fr": "Chopper"
  },
  "chopper-crew": {
    "en": "Chopper",
    "fr": "Chopper"
  },
  "cienaree": {
    "en": "Ciena Ree",
    "fr": "Ciena Ree"
  },
  "cikatrovizago": {
    "en": "Cikatro Vizago",
    "fr": "Cikatro Vizago"
  },
  "clonecommandercody": {
    "en": "Clone Commander Cody",
    "fr": "Commandant Clone Cody"
  },
  "clustermines": {
    "en": "Cluster Mines",
    "fr": "Mines Groupées"
  },
  "connernets": {
    "en": "Conner Nets",
    "fr": "Filet Conner"
  },
  "corsairrefit": {
    "en": "Corsair Refit",
    "fr": "Reconversion Corsaire"
  },
  "countdooku": {
    "en": "Count Dooku",
    "fr": "Comte Dooku"
  },
  "darthvader": {
    "en": "Darth Vader",
    "fr": "Dark Vador"
  },
  "deathtroopers": {
    "en": "Death Troopers",
    "fr": "Death Troopers"
  },
  "delta7b": {
    "en": "Delta-7B",
    "fr": "Delta-7B"
  },
  "dengar": {
    "en": "Dengar",
    "fr": "Dengar"
  },
  "directorkrennic": {
    "en": "Director Krennic",
    "fr": "Directeur Krennic"
  },
  "drk1probedroids": {
    "en": "DRK-1 Probe Droids",
    "fr": "Droïdes Sondes DRK-1"
  },
  "electroprotonbomb": {
    "en": "Electro-Proton Bomb",
    "fr": "Bombe Électro-Protonique"
  },
  "emperorpalpatine": {
    "en": "Emperor Palpatine",
    "fr": "Empereur Palpatine"
  },
  "ezrabridger": {
    "en": "Ezra Bridger",
    "fr": "Ezra Bridger"
  },
  "fifthbrother": {
    "en": "Fifth Brother",
    "fr": "Le Cinquième Frère"
  },
  "finn": {
    "en": "Finn",
    "fr": "Finn"
  },
  "foresight": {
    "en": "Foresight",
    "fr": "Clairvoyance"
  },
  "freelanceslicer": {
    "en": "Freelance Slicer",
    "fr": "Slicer Free-Lance"
  },
  "ga97": {
    "en": "GA-97",
    "fr": "GA-97"
  },
  "generalgrievous": {
    "en": "General Grievous",
    "fr": "Général Grievous"
  },
  "generalhux": {
    "en": "General Hux",
    "fr": "Général Hux"
  },
  "genius": {
    "en": "Genius",
    "fr": "Genius"
  },
  "gnkgonkdroid": {
    "en": "GNK \\\"Gonk\\\" Droid",
    "fr": "Droïde \"Gonk\" GNK"
  },
  "grandinquisitor": {
    "en": "Grand Inquisitor",
    "fr": "Grand Inquisiteur"
  },
  "grandmofftarkin": {
    "en": "Grand Moff Tarkin",
    "fr": "Grand Moff Tarkin"
  },
  "grapplingstruts": {
    "en": "Grappling Struts",
    "fr": "Supports d'Ancrage"
  },
  "greedo": {
    "en": "Greedo",
    "fr": "Greedo"
  },
  "hansolo": {
    "en": "Han Solo",
    "fr": "Han Solo"
  },
  "hansolo-crew": {
    "en": "Han Solo",
    "fr": "Han Solo"
  },
  "hansolo-gunner": {
    "en": "Han Solo",
    "fr": "Han Solo"
  },
  "hate": {
    "en": "Hate",
    "fr": "Haine"
  },
  "heavylasercannon": {
    "en": "Heavy Laser Cannon",
    "fr": "Canon Laser Lourd"
  },
  "heightenedperception": {
    "en": "Heightened Perception",
    "fr": "Perception Renforcée"
  },
  "herasyndulla": {
    "en": "Hera Syndulla",
    "fr": "Hera Syndulla"
  },
  "hotshotgunner": {
    "en": "Hotshot Gunner",
    "fr": "Artilleur Hors Pair"
  },
  "ig88d": {
    "en": "IG-88D",
    "fr": "IG-88D"
  },
  "informant": {
    "en": "Informant",
    "fr": "Informateur"
  },
  "instinctiveaim": {
    "en": "Instinctive Aim",
    "fr": "Visée Instinctive"
  },
  "integratedsfoils": {
    "en": "Integrated S-foils",
    "fr": "S-Foils Intégrés"
  },
  "ionbombs": {
    "en": "Ion Bombs",
    "fr": "Bombe Ionique"
  },
  "ioncannon": {
    "en": "Ion Cannon",
    "fr": "Canon Ionique"
  },
  "ioncannonbattery": {
    "en": "Ion Cannon Battery",
    "fr": "Batterie à Canons Ioniques"
  },
  "isbslicer": {
    "en": "ISB Slicer",
    "fr": "Slicer du BSI"
  },
  "jabbathehutt": {
    "en": "Jabba the Hutt",
    "fr": "Jabba le Hutt"
  },
  "jammingbeam": {
    "en": "Jamming Beam",
    "fr": "Rayon de Brouillage"
  },
  "jynerso": {
    "en": "Jyn Erso",
    "fr": "Jyn Erso"
  },
  "k2so": {
    "en": "K-2SO",
    "fr": "K-2SO"
  },
  "kananjarrus": {
    "en": "Kanan Jarrus",
    "fr": "Kanan Jarrus"
  },
  "kaydelconnix": {
    "en": "Kaydel Connix",
    "fr": "Kaydel Connix"
  },
  "ketsuonyo": {
    "en": "Ketsu Onyo",
    "fr": "Ketsu Onyo"
  },
  "korrsella": {
    "en": "Korr Sella",
    "fr": "Korr Sella"
  },
  "kyloren": {
    "en": "Kylo Ren",
    "fr": "Kylo Ren"
  },
  "l337": {
    "en": "L3-37",
    "fr": "L3-37"
  },
  "landingstruts": {
    "en": "Landing Struts",
    "fr": "Supports d'Atterrissage"
  },
  "landocalrissian": {
    "en": "Lando Calrissian",
    "fr": "Lando Calrissian"
  },
  "landocalrissian-crew": {
    "en": "Lando Calrissian",
    "fr": "Lando Calrissian"
  },
  "larmadacy": {
    "en": "Larma D'Acy",
    "fr": "Larma D'Acy"
  },
  "lattsrazzi": {
    "en": "Latts Razzi",
    "fr": "Latts Razzi"
  },
  "leiaorgana": {
    "en": "Leia Organa",
    "fr": "Leia Organa"
  },
  "leiaorgana-resistance": {
    "en": "Leia Organa",
    "fr": "Leia Organa"
  },
  "lukeskywalker": {
    "en": "Luke Skywalker",
    "fr": "Luke Skywalker"
  },
  "m9g8": {
    "en": "M9-G8",
    "fr": "M9-G8"
  },
  "magvayarro": {
    "en": "Magva Yarro",
    "fr": "Magva Yarro"
  },
  "maul": {
    "en": "Maul",
    "fr": "Maul"
  },
  "ministertua": {
    "en": "Minister Tua",
    "fr": "Ministre Tua"
  },
  "moffjerjerrod": {
    "en": "Moff Jerjerrod",
    "fr": "Moff Jerjerrod"
  },
  "niennunb": {
    "en": "Nien Nunb",
    "fr": "Nien Nunb"
  },
  "novicetechnician": {
    "en": "Novice Technician",
    "fr": "Apprenti Technicien"
  },
  "optimizedpowercore": {
    "en": "Optimized Power Core",
    "fr": "Noyau d'Énergie Optimisé"
  },
  "ordnancetubes": {
    "en": "Ordnance Tubes",
    "fr": "Tubes d'Artillerie"
  },
  "os1arsenalloadout": {
    "en": "Os-1 Arsenal Loadout",
    "fr": "Arsenal Os-1 Embarqué"
  },
  "paigetico": {
    "en": "Paige Tico",
    "fr": "Paige Tico"
  },
  "perceptivecopilot": {
    "en": "Perceptive Copilot",
    "fr": "Copilote Perspicace"
  },
  "pettyofficerthanisson": {
    "en": "Petty Officer Thanisson",
    "fr": "Sergent Thanisson"
  },
  "pivotwing": {
    "en": "Pivot Wing",
    "fr": "Aile Pivot"
  },
  "plokoon": {
    "en": "Plo Koon",
    "fr": "Plo Koon"
  },
  "pointdefensebattery": {
    "en": "Point-Defense Battery",
    "fr": "Batterie Défensive"
  },
  "precognitivereflexes": {
    "en": "Precognitive Reflexes",
    "fr": "Réflexes Prémonitoires"
  },
  "predictiveshot": {
    "en": "Predictive Shot",
    "fr": "Tir Prophétique"
  },
  "protonbombs": {
    "en": "Proton Bombs",
    "fr": "Bombe à Protons"
  },
  "proximitymines": {
    "en": "Proximity Mines",
    "fr": "Mine de Proximité"
  },
  "pz4co": {
    "en": "PZ-4CO",
    "fr": "PZ-4CO"
  },
  "qira": {
    "en": "Qi'ra",
    "fr": "Qi'ra"
  },
  "r1j5": {
    "en": "R1-J5",
    "fr": "R1-J5"
  },
  "r2a6": {
    "en": "R2-A6",
    "fr": "R2-A6"
  },
  "r2astromech": {
    "en": "R2 Astromech",
    "fr": "Astromech R2"
  },
  "r2c4": {
    "en": "R2-C4",
    "fr": "R2-C4"
  },
  "r2d2": {
    "en": "R2-D2",
    "fr": "R2-D2"
  },
  "r2d2-crew": {
    "en": "R2-D2",
    "fr": "R2-D2"
  },
  "r2ha": {
    "en": "R2-HA",
    "fr": "R2-HA"
  },
  "r3astromech": {
    "en": "R3 Astromech",
    "fr": "Astromech R3"
  },
  "r4astromech": {
    "en": "R4 Astromech",
    "fr": "Astromech R4"
  },
  "r4p17": {
    "en": "R4-P17",
    "fr": "R4-P17"
  },
  "r4p44": {
    "en": "R4-P44",
    "fr": "R4-P44"
  },
  "r4pastromech": {
    "en": "R4-P Astromech",
    "fr": "Astromech R4-P"
  },
  "r5astromech": {
    "en": "R5 Astromech",
    "fr": "Astromech R5"
  },
  "r5d8": {
    "en": "R5-D8",
    "fr": "R5-D8"
  },
  "r5p8": {
    "en": "R5-P8",
    "fr": "R5-P8"
  },
  "r5tk": {
    "en": "R5-TK",
    "fr": "R5-TK"
  },
  "r5x3": {
    "en": "R5-X3",
    "fr": "R5-X3"
  },
  "rey-gunner": {
    "en": "Rey",
    "fr": "Rey"
  },
  "rosetico": {
    "en": "Rose Tico",
    "fr": "Rose Tico"
  },
  "sabinewren": {
    "en": "Sabine Wren",
    "fr": "Sabine Wren"
  },
  "sawgerrera": {
    "en": "Saw Gerrera",
    "fr": "Saw Gerrera"
  },
  "seasonednavigator": {
    "en": "Seasoned Navigator",
    "fr": "Navigateur Chevronné"
  },
  "seismiccharges": {
    "en": "Seismic Charges",
    "fr": "Charges Sismiques"
  },
  "sense": {
    "en": "Sense",
    "fr": "Sens"
  },
  "servomotorsfoils": {
    "en": "Servomotor S-foils",
    "fr": "Servomoteur S-foils"
  },
  "seventhfleetgunner": {
    "en": "Seventh Fleet Gunner",
    "fr": "Artilleur de la Septième Flotte"
  },
  "seventhsister": {
    "en": "Seventh Sister",
    "fr": "La Septième Sœur"
  },
  "skilledbombardier": {
    "en": "Skilled Bombardier",
    "fr": "Bombardier Compétent"
  },
  "specialforcesgunner": {
    "en": "Special Forces Gunner",
    "fr": "Artilleur des Forces Spéciales"
  },
  "stabilizedsfoils": {
    "en": "Stabilized S-foils",
    "fr": "S-foils Stabilisés"
  },
  "supernaturalreflexes": {
    "en": "Supernatural Reflexes",
    "fr": "Réflexes Surnaturels"
  },
  "supremeleadersnoke": {
    "en": "Supreme Leader Snoke",
    "fr": "Suprême Leader Snoke"
  },
  "tacticalofficer": {
    "en": "Tactical Officer",
    "fr": "Officier Tactique"
  },
  "targetingbattery": {
    "en": "Targeting Battery",
    "fr": "Batterie de Ciblage"
  },
  "tibannareserves": {
    "en": "Tibanna Reserves",
    "fr": "Réserves de Tibanna"
  },
  "tobiasbeckett": {
    "en": "Tobias Beckett",
    "fr": "Tobias Beckett"
  },
  "torynfarr": {
    "en": "Toryn Farr",
    "fr": "Toryn Farr"
  },
  "tractorbeam": {
    "en": "Tractor Beam",
    "fr": "Rayon Tracteur"
  },
  "turbolaserbattery": {
    "en": "Turbolaser Battery",
    "fr": "Batterie Turbolaser"
  },
  "unkarplutt": {
    "en": "Unkar Plutt",
    "fr": "Unkar Plutt"
  },
  "veterantailgunner": {
    "en": "Veteran Tail Gunner",
    "fr": "Artilleur de Poupe Vétéran"
  },
  "veteranturretgunner": {
    "en": "Veteran Turret Gunner",
    "fr": "Artilleur de Tourelle Vétéran"
  },
  "xg1assaultconfiguration": {
    "en": "Xg-1 Assault Configuration",
    "fr": "Configuration d’Assaut Xg-1"
  },
  "zeborrelios": {
    "en": "Zeb\" Orrelios",
    "fr": "Zeb\" Orrelios"
  },
  "zuckuss": {
    "en": "Zuckuss",
    "fr": "Zuckuss"
  }
}
